{"artboards":[{"name":"グループ 543","type":"group","bounds":{"width":1440.661376953125,"height":900.1522827148438,"x":1579.573486328125,"y":-0.15227144956588745},"style":{},"id":"bdf1831d-6e37-4145-85ba-fd9e7477c150","transform":{"a":1,"b":0,"c":0,"d":1,"e":0,"f":0},"children":[{"name":"グループ 541","type":"group","bounds":{"width":1440.661376953125,"height":900.1522827148438,"x":1579.573486328125,"y":-0.15227144956588745},"style":{},"id":"ebd76478-5a80-4be8-a77d-b95a8d46e803","transform":{"a":1,"b":0,"c":0,"d":1,"e":0,"f":0},"children":[{"name":"グループ 539","type":"group","bounds":{"width":1440.661376953125,"height":900.1522827148438,"x":1579.573486328125,"y":-0.15227144956588745},"style":{},"id":"05803670-cc47-4df7-9e5e-55c4bc5615cb","transform":{"a":1,"b":0,"c":0,"d":1,"e":0,"f":0},"children":[{"name":"mv_01","type":"group","bounds":{"width":1440,"height":900,"x":1579.573486328125,"y":-0.15227144956588745},"style":{},"id":"6152b233-e1e7-43e2-90b8-ff644f3e9106","transform":{"a":1,"b":0,"c":0,"d":1,"e":-1580.2349853515625,"f":0},"children":[{"name":"グループ 104","type":"group","bounds":{"width":1440,"height":900,"x":1579.573486328125,"y":-0.15227144956588745},"style":{},"id":"eba6a60d-6c79-4372-a780-688e39cdf521","transform":{"a":1,"b":0,"c":0,"d":1,"e":0,"f":0},"children":[{"name":"長方形 163","type":"rectangle","bounds":{"width":1764.0506591796875,"height":1175.73974609375,"x":1260.0103759765625,"y":-67.91625213623047},"style":{"fill":{"type":"image"}},"id":"6458f5ca-8fe1-458a-a382-60ff4b3ab632","transform":{"a":1,"b":0,"c":0,"d":1,"e":1260.0103759765625,"f":-67.91625213623047},"children":[]},{"name":"長方形 164","type":"rectangle","bounds":{"width":1440,"height":900,"x":1579.573486328125,"y":-0.15227144956588745},"style":{},"id":"a6d1ebe0-473d-425f-bcc7-b8b9b9148462","transform":{"a":1,"b":0,"c":0,"d":1,"e":1579.573486328125,"f":-0.15227144956588745},"children":[]}]}]},{"name":"長方形 165","type":"rectangle","bounds":{"width":1439.9998779296875,"height":900,"x":1580.2349853515625,"y":0},"style":{"opacity":0.3499999940395355,"fill":{"type":"color","rgba":"rgba(0, 0, 0, 255)","hex":"#000000"}},"id":"20ee31c8-327a-4b39-90b3-643311c35137","transform":{"a":1,"b":0,"c":0,"d":1,"e":0,"f":0},"children":[]}]},{"name":"グループ 540","type":"group","bounds":{"width":1002,"height":528.7770385742188,"x":1803.54345703125,"y":254.7530059814453},"style":{},"id":"10f7aaa0-494e-45f1-85e1-56ed0b6e6ea6","transform":{"a":1,"b":0,"c":0,"d":1,"e":0,"f":0},"children":[{"name":"グループ 107","type":"group","bounds":{"width":132.39990234375,"height":528.7770385742188,"x":2232.091064453125,"y":254.7530059814453},"style":{},"id":"828ff459-0a2f-4151-88f8-6bdccab20fe4","transform":{"a":1,"b":0,"c":0,"d":1,"e":-1580.2349853515625,"f":0},"children":[{"name":"グループ 106","type":"group","bounds":{"width":132.39990234375,"height":528.7770385742188,"x":2232.091064453125,"y":254.7530059814453},"style":{},"id":"c8381f62-bb53-4273-9f45-6c8d51202f7d","transform":{"a":1,"b":0,"c":0,"d":1,"e":0,"f":0},"children":[{"name":"パス 64","type":"path","bounds":{"width":52.553955078125,"height":52.17100524902344,"x":2311.552001953125,"y":254.7530059814453},"style":{"fill":{"type":"color","rgba":"rgba(255, 255, 255, 255)","hex":"#FFFFFF"}},"id":"a3f873e8-d79d-4e69-96f7-b07fb5acf1ad","transform":{"a":1,"b":0,"c":0,"d":1,"e":0,"f":0},"children":[]},{"name":"パス 65","type":"path","bounds":{"width":52.77392578125,"height":52.3900146484375,"x":2311.717041015625,"y":313.9519958496094},"style":{"fill":{"type":"color","rgba":"rgba(255, 255, 255, 255)","hex":"#FFFFFF"}},"id":"333a6e32-f823-4d71-a71d-e938309153f4","transform":{"a":1,"b":0,"c":0,"d":1,"e":0,"f":0},"children":[]},{"name":"パス 66","type":"path","bounds":{"width":43.988037109375,"height":44.59197998046875,"x":2316.493896484375,"y":374.52301025390625},"style":{"fill":{"type":"color","rgba":"rgba(255, 255, 255, 255)","hex":"#FFFFFF"}},"id":"01a299e5-3fb7-4cdc-8a77-0c6c04aef528","transform":{"a":1,"b":0,"c":0,"d":1,"e":0,"f":0},"children":[]},{"name":"パス 67","type":"path","bounds":{"width":49.205078125,"height":52.5,"x":2313.802978515625,"y":429.0530090332031},"style":{"fill":{"type":"color","rgba":"rgba(255, 255, 255, 255)","hex":"#FFFFFF"}},"id":"7258a957-3e09-4cf6-b754-633e887bd3f0","transform":{"a":1,"b":0,"c":0,"d":1,"e":0,"f":0},"children":[]},{"name":"パス 68","type":"path","bounds":{"width":51.2919921875,"height":52.389984130859375,"x":2312.26611328125,"y":488.3609924316406},"style":{"fill":{"type":"color","rgba":"rgba(255, 255, 255, 255)","hex":"#FFFFFF"}},"id":"fe8dc7d8-55f6-40ad-bd71-bee098515847","transform":{"a":1,"b":0,"c":0,"d":1,"e":0,"f":0},"children":[]},{"name":"パス 69","type":"path","bounds":{"width":39.155029296875,"height":46.73504638671875,"x":2322.041015625,"y":548.1079711914062},"style":{"fill":{"type":"color","rgba":"rgba(255, 255, 255, 255)","hex":"#FFFFFF"}},"id":"7068542e-b8dd-4d22-a027-53df5ecf681d","transform":{"a":1,"b":0,"c":0,"d":1,"e":0,"f":0},"children":[]},{"name":"パス 70","type":"path","bounds":{"width":48.326171875,"height":47.282958984375,"x":2314.4619140625,"y":603.572021484375},"style":{"fill":{"type":"color","rgba":"rgba(255, 255, 255, 255)","hex":"#FFFFFF"}},"id":"505d1ddd-0ad3-4a7f-abb9-f1ad9b45b7fe","transform":{"a":1,"b":0,"c":0,"d":1,"e":0,"f":0},"children":[]},{"name":"パス 71","type":"path","bounds":{"width":45.800048828125,"height":40.30902099609375,"x":2316.76904296875,"y":662.1129760742188},"style":{"fill":{"type":"color","rgba":"rgba(255, 255, 255, 255)","hex":"#FFFFFF"}},"id":"77b160fe-e0e7-4d3c-9759-928f7675884c","transform":{"a":1,"b":0,"c":0,"d":1,"e":0,"f":0},"children":[]},{"name":"パス 72","type":"path","bounds":{"width":18.012939453125,"height":18.011962890625,"x":2345.489990234375,"y":707.801025390625},"style":{"fill":{"type":"color","rgba":"rgba(255, 255, 255, 255)","hex":"#FFFFFF"}},"id":"b9955706-dd8b-486a-bc2c-a6a9078a6e8b","transform":{"a":1,"b":0,"c":0,"d":1,"e":0,"f":0},"children":[]},{"name":"パス 73","type":"path","bounds":{"width":53.323974609375,"height":50.358001708984375,"x":2232.091064453125,"y":255.906005859375},"style":{"fill":{"type":"color","rgba":"rgba(255, 255, 255, 255)","hex":"#FFFFFF"}},"id":"a414c6fe-3db4-4148-838e-a09ab0d81960","transform":{"a":1,"b":0,"c":0,"d":1,"e":0,"f":0},"children":[]},{"name":"パス 74","type":"path","bounds":{"width":50.194091796875,"height":49.425018310546875,"x":2234.781005859375,"y":313.6759948730469},"style":{"fill":{"type":"color","rgba":"rgba(255, 255, 255, 255)","hex":"#FFFFFF"}},"id":"2b7afad2-795d-437c-af32-e7a7c027d023","transform":{"a":1,"b":0,"c":0,"d":1,"e":0,"f":0},"children":[]},{"name":"パス 75","type":"path","bounds":{"width":50.194091796875,"height":46.7340087890625,"x":2233.847900390625,"y":374.63299560546875},"style":{"fill":{"type":"color","rgba":"rgba(255, 255, 255, 255)","hex":"#FFFFFF"}},"id":"ea16bb3a-abdc-49ae-949c-964ca27c5cde","transform":{"a":1,"b":0,"c":0,"d":1,"e":0,"f":0},"children":[]},{"name":"パス 76","type":"path","bounds":{"width":43.1640625,"height":45.305999755859375,"x":2235.989990234375,"y":432.9530029296875},"style":{"fill":{"type":"color","rgba":"rgba(255, 255, 255, 255)","hex":"#FFFFFF"}},"id":"e5538a0b-8baf-4c4f-906a-5a17892f7659","transform":{"a":1,"b":0,"c":0,"d":1,"e":0,"f":0},"children":[]},{"name":"パス 77","type":"path","bounds":{"width":43.988037109375,"height":47.007965087890625,"x":2236.208984375,"y":489.4070129394531},"style":{"fill":{"type":"color","rgba":"rgba(255, 255, 255, 255)","hex":"#FFFFFF"}},"id":"11af0b59-ec9b-4ea4-a5c9-884c9936717b","transform":{"a":1,"b":0,"c":0,"d":1,"e":0,"f":0},"children":[]},{"name":"パス 78","type":"path","bounds":{"width":47.337890625,"height":43.219970703125,"x":2235.111083984375,"y":549.3170166015625},"style":{"fill":{"type":"color","rgba":"rgba(255, 255, 255, 255)","hex":"#FFFFFF"}},"id":"8d477648-4122-46c1-bf61-e2029f2e8084","transform":{"a":1,"b":0,"c":0,"d":1,"e":0,"f":0},"children":[]},{"name":"パス 79","type":"path","bounds":{"width":51.18310546875,"height":47.6669921875,"x":2234.06689453125,