{"artboards":[{"name":"グループ 548","type":"group","bounds":{"width":375,"height":667,"x":1065,"y":2060},"style":{},"id":"94572726-94a0-4ca8-a2c9-bc62aaf13cd8","transform":{"a":1,"b":0,"c":0,"d":1,"e":0,"f":0},"children":[{"name":"グループ 547","type":"group","bounds":{"width":375,"height":667,"x":1065,"y":2060},"style":{},"id":"afe124b6-e9cf-4e3b-98d0-da21f94271ca","transform":{"a":1,"b":0,"c":0,"d":1,"e":0,"f":0},"children":[{"name":"グループ 544","type":"group","bounds":{"width":375,"height":667,"x":1065,"y":2060},"style":{},"id":"668a7af0-4791-4287-b93a-4c78243a07b2","transform":{"a":1,"b":0,"c":0,"d":1,"e":0,"f":0},"children":[{"name":"mv_01_sp","type":"group","bounds":{"width":375,"height":667,"x":1065,"y":2060},"style":{},"id":"cdce3d4f-ee51-4ea2-827e-4b55d87ba78b","transform":{"a":1,"b":0,"c":0,"d":1,"e":-444.93994140625,"f":-2.274658203125},"children":[{"name":"グループ 102","type":"group","bounds":{"width":375,"height":667,"x":1065,"y":2060},"style":{},"id":"7c2eb466-32c5-466a-b207-f4d0f7e70cc2","transform":{"a":1,"b":0,"c":0,"d":1,"e":0,"f":0},"children":[{"name":"長方形 150","type":"rectangle","bounds":{"width":1106.05615234375,"height":737.1865234375,"x":784.7689819335938,"y":1989.8134765625},"style":{"fill":{"type":"image"}},"id":"daee8b12-2470-4a4c-a89a-309366c40148","transform":{"a":1,"b":0,"c":0,"d":1,"e":164.7089385986328,"f":-67.91187286376953},"children":[]},{"name":"長方形 151","type":"rectangle","bounds":{"width":375,"height":667,"x":1065,"y":2060},"style":{},"id":"a413f9a6-b8d0-4568-b2a1-bf9a49898799","transform":{"a":1,"b":0,"c":0,"d":1,"e":444.9399108886719,"f":2.2746694087982178},"children":[]}]}]},{"name":"長方形 153","type":"rectangle","bounds":{"width":375,"height":667,"x":1065,"y":2060},"style":{"opacity":0.3499999940395355,"fill":{"type":"color","rgba":"rgba(0, 0, 0, 255)","hex":"#000000"}},"id":"9c78fa34-1179-4239-a9ec-0a793089e54b","transform":{"a":1,"b":0,"c":0,"d":1,"e":0,"f":0},"children":[]}]},{"name":"グループ 546","type":"group","bounds":{"width":140.86279296875,"height":317.5419921875,"x":1180.42822265625,"y":2264.42822265625},"style":{},"id":"73e80060-e4c4-4edb-8a6b-d430c6660c4e","transform":{"a":1,"b":0,"c":0,"d":1,"e":0,"f":0},"children":[{"name":"グループ 105","type":"group","bounds":{"width":79.5048828125,"height":317.5419921875,"x":1241.7861328125,"y":2264.42822265625},"style":{},"id":"8d4e1585-5fe8-4c9d-833c-8ebcb297b115","transform":{"a":1,"b":0,"c":0,"d":1,"e":-444.93994140625,"f":-2.274658203125},"children":[{"name":"グループ 104","type":"group","bounds":{"width":79.5048828125,"height":317.5419921875,"x":1241.7861328125,"y":2264.42822265625},"style":{},"id":"d17eba0b-0f8c-488a-9535-6a55d1415a70","transform":{"a":1,"b":0,"c":0,"d":1,"e":0,"f":0},"children":[{"name":"パス 44","type":"path","bounds":{"width":31.5570068359375,"height":31.326171875,"x":1289.5030517578125,"y":2264.42822265625},"style":{"fill":{"type":"color","rgba":"rgba(255, 255, 255, 255)","hex":"#FFFFFF"}},"id":"db8f01ef-fc69-460a-84f0-78bc71a9865e","transform":{"a":1,"b":0,"c":0,"d":1,"e":0,"f":0},"children":[]},{"name":"パス 45","type":"path","bounds":{"width":31.68798828125,"height":31.45703125,"x":1289.60302734375,"y":2299.978271484375},"style":{"fill":{"type":"color","rgba":"rgba(255, 255, 255, 255)","hex":"#FFFFFF"}},"id":"4059ce38-4feb-47ac-a99d-1334f7789237","transform":{"a":1,"b":0,"c":0,"d":1,"e":0,"f":0},"children":[]},{"name":"パス 46","type":"path","bounds":{"width":26.4129638671875,"height":26.775146484375,"x":1292.4710693359375,"y":2336.352294921875},"style":{"fill":{"type":"color","rgba":"rgba(255, 255, 255, 255)","hex":"#FFFFFF"}},"id":"9a4b03a1-3847-4358-9e81-02b1ff907aaa","transform":{"a":1,"b":0,"c":0,"d":1,"e":0,"f":0},"children":[]},{"name":"パス 47","type":"path","bounds":{"width":29.5450439453125,"height":31.52294921875,"x":1290.8560791015625,"y":2369.099365234375},"style":{"fill":{"type":"color","rgba":"rgba(255, 255, 255, 255)","hex":"#FFFFFF"}},"id":"f786bf1b-ef15-482c-a60a-c8bbb6ee1d92","transform":{"a":1,"b":0,"c":0,"d":1,"e":0,"f":0},"children":[]},{"name":"パス 48","type":"path","bounds":{"width":30.7978515625,"height":31.4580078125,"x":1289.93212890625,"y":2404.71435546875},"style":{"fill":{"type":"color","rgba":"rgba(255, 255, 255, 255)","hex":"#FFFFFF"}},"id":"3a20108c-c85d-466e-9ff1-5d93bb0e0d1e","transform":{"a":1,"b":0,"c":0,"d":1,"e":0,"f":0},"children":[]},{"name":"パス 49","type":"path","bounds":{"width":23.510986328125,"height":28.06103515625,"x":1295.802001953125,"y":2440.59521484375},"style":{"fill":{"type":"color","rgba":"rgba(255, 255, 255, 255)","hex":"#FFFFFF"}},"id":"c395fe2d-d62a-42a2-ab7e-d48e95cb4515","transform":{"a":1,"b":0,"c":0,"d":1,"e":0,"f":0},"children":[]},{"name":"パス 50","type":"path","bounds":{"width":29.01806640625,"height":28.39013671875,"x":1291.2509765625,"y":2473.9033203125},"style":{"fill":{"type":"color","rgba":"rgba(255, 255, 255, 255)","hex":"#FFFFFF"}},"id":"0de55219-1e9f-4d6b-820c-80eaae464d8f","transform":{"a":1,"b":0,"c":0,"d":1,"e":0,"f":0},"children":[]},{"name":"パス 51","type":"path","bounds":{"width":27.5010986328125,"height":24.202880859375,"x":1292.635986328125,"y":2509.056396484375},"style":{"fill":{"type":"color","rgba":"rgba(255, 255, 255, 255)","hex":"#FFFFFF"}},"id":"6c8f1bd0-054d-497e-8390-6c1fc7e4756e","transform":{"a":1,"b":0,"c":0,"d":1,"e":0,"f":0},"children":[]},{"name":"パス 52","type":"path","bounds":{"width":10.81591796875,"height":10.81494140625,"x":1309.882080078125,"y":2536.495361328125},"style":{"fill":{"type":"color","rgba":"rgba(255, 255, 255, 255)","hex":"#FFFFFF"}},"id":"27e23c33-ebc0-4fa1-83e7-3683f535737a","transform":{"a":1,"b":0,"c":0,"d":1,"e":0,"f":0},"children":[]},{"name":"パス 53","type":"path","bounds":{"width":32.016845703125,"height":30.237060546875,"x":1241.7861328125,"y":2265.120361328125},"style":{"fill":{"type":"color","rgba":"rgba(255, 255, 255, 255)","hex":"#FFFFFF"}},"id":"db32e619-5c8f-4769-81df-ee5c7e75189b","transform":{"a":1,"b":0,"c":0,"d":1,"e":0,"f":0},"children":[]},{"name":"パス 54","type":"path","bounds":{"width":30.136962890625,"height":29.677001953125,"x":1243.402099609375,"y":2299.812255859375},"style":{"fill":{"type":"color","rgba":"rgba(255, 255, 255, 255)","hex":"#FFFFFF"}},"id":"c74aa53f-0523-4905-807d-8684898fc7e0","transform":{"a":1,"b":0,"c":0,"d":1,"e":0,"f":0},"children":[]},{"name":"パス 55","type":"path","bounds":{"width":30.137939453125,"height":28.060791015625,"x":1242.841064453125,"y":2336.41845703125},"style":{"fill":{"type":"color","rgba":"rgba(255, 255, 255, 255)","hex":"#FFFFFF"}},"id":"a7ba0660-e64c-4ada-a33b-7672acc9c8d9","transform":{"a":1,"b":0,"c":0,"d":1,"e":0,"f":0},"children":[]},{"name":"パス 56","type":"path","bounds":{"width":25.9180908203125,"height":27.203857421875,"x":1244.1259765625,"y":2371.4404296875},"style":{"fill":{"type":"color","rgba":"rgba(255, 255, 255, 255)","hex":"#FFFFFF"}},"id":"f022228a-501b-429b-b956-d6e0eb8ebd83","transform":{"a":1,"b":0,"c":0,"d":1,"e":0,"f":0},"children":[]},{"name":"パス 57","type":"path","bounds":{"width":26.4130859375,"height":28.22607421875,"x":1244.258056640625,"y":2405.34228515625},"style":{"fill":{"type":"color","rgba":"rgba(255, 255, 255, 255)","hex":"#FFFFFF"}},"id":"c4712213-341c-49ee-81ca-3722ba3ae67d","transform":{"a":1,"b":0,"c":0,"d":1,"e":0,"f":0},"children":[]},{"name":"パス 58","type":"path","bounds":{"width":28.4239501953125,"height":25.949951171875,"x":1243.59912109375,"y":2441.3212890625},"style":{"fill":{"type":"color","rgba":"rgba(255, 255, 255, 255)","hex":"#FFFFFF"}},"id":"f7152bd4-e03f-48f3-a38b-7ebee5fa9027","transform":{"a":1,"b":0,"c":0,"d":1,"e":0,"f":0},"children":[]},{"name":"パス 59","type":"path","bounds":{"width":30.73193359375,"height":28.62109375,"x":1242.97314453125,"y":2471.6943359375},"style":{"fill":{"type":"color","rgba":"rgba(255, 255, 255, 255)","hex":"#FFFFFF"}},"id":"f9bf4f78-6753-44bb-97de-3bbe39c798d5","transform":{"a":1,"b":0,"c":0,"d":1,"e":0,"f":0},"children":[]},{"name":"パス 60","type":"path","bounds":{"width":19.2852783203125,"height":29.7099609375,