{"artboards":[{"name":"グループ 1004","type":"group","bounds":{"width":375,"height":826,"x":11427,"y":2362},"style":{},"id":"53f1e9f2-ecf9-4caf-92b1-676b93fa4df7","transform":{"a":1,"b":0,"c":0,"d":1,"e":0,"f":0},"children":[{"name":"長方形 223","type":"rectangle","bounds":{"width":375,"height":826,"x":11427,"y":2362},"style":{"fill":{"type":"color","rgba":"rgba(255, 255, 255, 255)","hex":"#FFFFFF"}},"id":"1e4d1945-1325-4ade-b942-c90c5462a063","transform":{"a":1,"b":0,"c":0,"d":1,"e":0,"f":2362},"children":[]},{"name":"グループ 997","type":"group","bounds":{"width":316.0986328125,"height":712.301513671875,"x":11456.171875,"y":2441.742919921875},"style":{},"id":"9780dc1c-e6a9-4d2d-9a4c-d87d1cd378af","transform":{"a":1,"b":0,"c":0,"d":1,"e":0,"f":0},"children":[{"name":"会社概要","type":"text","bounds":{"width":72,"height":26,"x":11457.4453125,"y":2441.742919921875},"style":{"fontFamily":"Noto Sans JP","fontSize":18,"fontStyle":"Bold","textAlign":"left","lineHeight":31.5,"fill":{"type":"color","rgba":"rgba(0, 56, 148, 255)","hex":"#003894"}},"id":"cd57df8a-6841-4308-8605-1e7edc7f0dc6","transform":{"a":1,"b":0,"c":0,"d":1,"e":30.4453125,"f":2462.742919921875},"text":"会社概要","children":[]},{"name":"グループ 996","type":"group","bounds":{"width":316.0986328125,"height":659.406005859375,"x":11456.171875,"y":2494.638427734375},"style":{},"id":"b75a9b50-d93b-4eb1-afa4-c4435b2a39f7","transform":{"a":1,"b":0,"c":0,"d":1,"e":0,"f":0},"children":[{"name":"グループ 995","type":"group","bounds":{"width":315.1826171875,"height":115.1806640625,"x":11456.171875,"y":3038.86376953125},"style":{},"id":"5a97e4a6-2595-4a86-8599-28eb57aa3a6b","transform":{"a":1,"b":0,"c":0,"d":1,"e":0,"f":0},"children":[{"name":"グループ 994","type":"group","bounds":{"width":239.837890625,"height":101,"x":11457.859375,"y":3038.86376953125},"style":{},"id":"23c7144b-d2bb-4719-a1b6-41d88f661b1d","transform":{"a":1,"b":0,"c":0,"d":1,"e":0,"f":0},"children":[{"name":"・西芝電機株式会社\n・新明和工業株式会社小野工場\n・TOYOイノベックス株式会社\n （旧 東洋機械金属株式会社）\n・株式会社松田ポンプ製作所","type":"text","bounds":{"width":168,"height":101,"x":11529.697265625,"y":3038.86376953125},"style":{"fontFamily":"Noto Sans JP","fontSize":12,"fontStyle":"Medium","textAlign":"left","lineHeight":21,"fill":{"type":"color","rgba":"rgba(0, 0, 0, 255)","hex":"#000000"}},"id":"ea2e86f5-fb80-466a-b7cc-910423f7f69c","transform":{"a":1,"b":0,"c":0,"d":1,"e":102.697265625,"f":3052.86376953125},"text":"・西芝電機株式会社\n・新明和工業株式会社小野工場\n・TOYOイノベックス株式会社\n （旧 東洋機械金属株式会社）\n・株式会社松田ポンプ製作所","children":[]},{"name":"主な取引先","type":"text","bounds":{"width":60,"height":17,"x":11457.859375,"y":3038.962158203125},"style":{"fontFamily":"Noto Sans JP","fontSize":12,"fontStyle":"Medium","textAlign":"left","lineHeight":80,"fill":{"type":"color","rgba":"rgba(0, 0, 0, 255)","hex":"#000000"}},"id":"f75c41a5-13af-4a41-89e3-bcc5d1c154d1","transform":{"a":1,"b":0,"c":0,"d":1,"e":30.859375,"f":3052.962158203125},"text":"主な取引先","children":[]}]},{"name":"線 52","type":"line","bounds":{"width":315.1826171875,"height":0,"x":11456.171875,"y":3154.04443359375},"style":{"stroke":{"color":{"type":"color","rgba":"rgba(0, 0, 0, 255)","hex":"#000000"},"width":0.25}},"id":"fca717bd-0739-46ca-8e33-4eeeaccdb789","transform":{"a":1,"b":0,"c":0,"d":1,"e":29.171875,"f":3154.04443359375},"children":[]}]},{"name":"グループ 982","type":"group","bounds":{"width":314.7861328125,"height":62.01904296875,"x":11457.484375,"y":2494.638427734375},"style":{},"id":"a64ffd01-bbda-4ae0-b0b5-c103c3513547","transform":{"a":1,"b":0,"c":0,"d":1,"e":0,"f":0},"children":[{"name":"線 58","type":"line","bounds":{"width":314.7861328125,"height":0,"x":11457.484375,"y":2494.638427734375},"style":{"stroke":{"color":{"type":"color","rgba":"rgba(0, 0, 0, 255)","hex":"#000000"},"width":0.25}},"id":"4d1aab04-560d-4b2f-8a93-2d5802190bb2","transform":{"a":1,"b":0,"c":0,"d":1,"e":30.484375,"f":2494.638427734375},"children":[]},{"name":"線 59","type":"line","bounds":{"width":314.7861328125,"height":0,"x":11457.484375,"y":2556.657470703125},"style":{"stroke":{"color":{"type":"color","rgba":"rgba(0, 0, 0, 255)","hex":"#000000"},"width":0.25}},"id":"b8cf219f-2204-4747-8dff-4ec356d0c669","transform":{"a":1,"b":0,"c":0,"d":1,"e":30.484375,"f":2556.657470703125},"children":[]},{"name":"グループ 981","type":"group","bounds":{"width":179.076171875,"height":17.0654296875,"x":11457.693359375,"y":2516.724853515625},"style":{},"id":"9cb070b7-6f46-4c63-876b-035493781738","transform":{"a":1,"b":0,"c":0,"d":1,"e":0,"f":0},"children":[{"name":"会社名","type":"text","bounds":{"width":36,"height":17,"x":11457.693359375,"y":2516.724853515625},"style":{"fontFamily":"Noto Sans JP","fontSize":12,"fontStyle":"Medium","textAlign":"left","lineHeight":64,"fill":{"type":"color","rgba":"rgba(0, 0, 0, 255)","hex":"#000000"}},"id":"bf00720d-f56f-4d45-8eb4-b6725ba792af","transform":{"a":1,"b":0,"c":0,"d":1,"e":30.693359375,"f":2530.724853515625},"text":"会社名","children":[]},{"name":"有限会社 板岡工作所","type":"text","bounds":{"width":111,"height":17,"x":11525.76953125,"y":2516.790283203125},"style":{"fontFamily":"Noto Sans JP","fontSize":12,"fontStyle":"Medium","textAlign":"left","lineHeight":64,"fill":{"type":"color","rgba":"rgba(0, 0, 0, 255)","hex":"#000000"}},"id":"82b85fe0-fb78-44a2-a032-826e5b657d56","transform":{"a":1,"b":0,"c":0,"d":1,"e":98.76953125,"f":2530.790283203125},"text":"有限会社 板岡工作所","children":[]}]}]},{"name":"グループ 991","type":"group","bounds":{"width":315.1826171875,"height":40.3291015625,"x":11456.171875,"y":2921.794921875},"style":{},"id":"4674d45f-17b4-4279-ba16-27ca383ab943","transform":{"a":1,"b":0,"c":0,"d":1,"e":0,"f":0},"children":[{"name":"線 60","type":"line","bounds":{"width":315.1826171875,"height":0,"x":11456.171875,"y":2962.1240234375},"style":{"stroke":{"color":{"type":"color","rgba":"rgba(0, 0, 0, 255)","hex":"#000000"},"width":0.25}},"id":"48b725d8-a8ce-4006-a67d-630beb41c4b9","transform":{"a":1,"b":0,"c":0,"d":1,"e":29.171875,"f":2962.1240234375},"children":[]},{"name":"グループ 990","type":"group","bounds":{"width":114.7890625,"height":17.083740234375,"x":11456.529296875,"y":2921.794921875},"style":{},"id":"eb7e4f6b-d6b3-49b9-a416-3b2071280793","transform":{"a":1,"b":0,"c":0,"d":1,"e":0,"f":0},"children":[{"name":"資本金","type":"text","bounds":{"width":36,"height":17,"x":11456.529296875,"y":2921.794921875},"style":{"fontFamily":"Noto Sans JP","fontSize":12,"fontStyle":"Medium","textAlign":"left","lineHeight":80,"fill":{"type":"color","rgba":"rgba(0, 0, 0, 255)","hex":"#000000"}},"id":"9700f2bf-8da4-47d3-b735-680a66ede71a","transform":{"a":1,"b":0,"c":0,"d":1,"e":29.529296875,"f":2935.794921875},"text":"資本金","children":[]},{"name":"300万円","type":"text","bounds":{"width":45,"height":17,"x":11526.318359375,"y":2921.878662109375},"style":{"fontFamily":"Noto Sans JP","fontSize":12,"fontStyle":"Medium","textAlign":"left","lineHeight":21,"fill":{"type":"color","rgba":"rgba(0, 0, 0, 255)","hex":"#000000"}},"id":"c3c1c732-3bc1-4690-83b7-858ded13ef35","transform":{"a":1,"b":0,"c":0,"d":1,"e":99.318359375,"f":2935.878662109375},"text":"300万円","children":[]}]}]},{"name":"グループ 993","type":"group","bounds":{"width":315.1826171875,"height":41.6923828125,"x":11456.171875,"y":2982.599853515625},"style":{},"id":"bca12521-b0c2-41b0-96ad-466f1ca42541","transform":{"a":1,"b":0,"c":0,"d":1,"e":0,"f":0},"children":[{"name":"線 63","type":"line","bounds":{"width":315.1826171875,"height":0,"x":11456.171875,"y":3024.292236328125},"style":{"stroke":{"color":{"type":"color","rgba":"rgba(0, 0, 0, 255)","hex":"#000000"},"width":0.25}},"id":"9238a2df-6220-482d-98c3-b38d87baa2f6","transform":{"a":1,"b":0,"c":0,"d":1,"e":29.171875,"f":3024.292236328125},"children":[]},{"name":"グループ 992","type":"group","bounds":{"width":142.5546875,"height":17.00048828125,"x":11456.529296875,"y":2982.599853515625},"style":{},"id":"59458361-50e4-405e-8036-7f14149754f8","transform":{"a":1,"b":0,"c":0,"d":1,"e":0,"f":0},"children":[{"name":"事業内容","type":"text","bounds":{"width":48,"height":17,"x":11456.529296875,"y":2982.599853515625},