{"artboards":[{"name":"グループ 979","type":"group","bounds":{"width":1440,"height":545,"x":9864,"y":2995},"style":{},"id":"ccfef940-bc01-4c3d-90ea-6c3a42c67b05","transform":{"a":1,"b":0,"c":0,"d":1,"e":0,"f":0},"children":[{"name":"長方形 221","type":"rectangle","bounds":{"width":1440,"height":545,"x":9864,"y":2995},"style":{"fill":{"type":"color","rgba":"rgba(255, 255, 255, 255)","hex":"#FFFFFF"}},"id":"9397288b-7737-4293-a0bf-c88e4f222433","transform":{"a":1,"b":0,"c":0,"d":1,"e":-0.4970703125,"f":2995},"children":[]},{"name":"グループ 961","type":"group","bounds":{"width":1202.751953125,"height":451.85693359375,"x":9983.0673828125,"y":3044.725830078125},"style":{},"id":"53782b5f-09cc-470c-b83f-4ceaf8f1efbb","transform":{"a":1,"b":0,"c":0,"d":1,"e":0,"f":0},"children":[{"name":"会社概要","type":"text","bounds":{"width":144,"height":52,"x":9983.0673828125,"y":3044.725830078125},"style":{"fontFamily":"Noto Sans JP","fontSize":36,"fontStyle":"Bold","textAlign":"left","lineHeight":63,"fill":{"type":"color","rgba":"rgba(0, 56, 148, 255)","hex":"#003894"}},"id":"9d4f7393-ed4d-4538-8e38-c5b80388e0e7","transform":{"a":1,"b":0,"c":0,"d":1,"e":118.5703125,"f":3086.725830078125},"text":"会社概要","children":[]},{"name":"グループ 960","type":"group","bounds":{"width":1201.0966796875,"height":371.064453125,"x":9984.72265625,"y":3125.518310546875},"style":{},"id":"d0eb50b9-2846-41f6-b087-0d15b9ec4dcc","transform":{"a":1,"b":0,"c":0,"d":1,"e":0,"f":0},"children":[{"name":"グループ 950","type":"group","bounds":{"width":560.71875,"height":370.2724609375,"x":9984.72265625,"y":3126.02587890625},"style":{},"id":"6297d960-5f17-409f-bbf3-c869b4a21f9a","transform":{"a":1,"b":0,"c":0,"d":1,"e":0,"f":0},"children":[{"name":"グループ 946","type":"group","bounds":{"width":560.71875,"height":52.517578125,"x":9984.72265625,"y":3237.130859375},"style":{},"id":"3f0be326-7448-4f65-aa63-82f5bcb8d9dd","transform":{"a":1,"b":0,"c":0,"d":1,"e":0,"f":0},"children":[{"name":"グループ 945","type":"group","bounds":{"width":274.802734375,"height":21.25732421875,"x":9986.7490234375,"y":3237.130859375},"style":{},"id":"fb9d6708-09e4-47b4-b920-72f41e8e281a","transform":{"a":1,"b":0,"c":0,"d":1,"e":0,"f":0},"children":[{"name":"代表取締役　板岡 博史","type":"text","bounds":{"width":143,"height":20,"x":10118.5517578125,"y":3238.38818359375},"style":{"fontFamily":"Noto Sans JP","fontSize":14,"fontStyle":"Medium","textAlign":"left","lineHeight":25,"fill":{"type":"color","rgba":"rgba(0, 0, 0, 255)","hex":"#000000"}},"id":"62452857-5570-43f3-9d78-1f84b32fabe2","transform":{"a":1,"b":0,"c":0,"d":1,"e":254.0546875,"f":3254.38818359375},"text":"代表取締役　板岡 博史","children":[]},{"name":"代表者","type":"text","bounds":{"width":42,"height":20,"x":9986.7490234375,"y":3237.130859375},"style":{"fontFamily":"Noto Sans JP","fontSize":14,"fontStyle":"Medium","textAlign":"left","lineHeight":80,"fill":{"type":"color","rgba":"rgba(0, 0, 0, 255)","hex":"#000000"}},"id":"357562be-3bc2-4b78-b421-6829eda19b78","transform":{"a":1,"b":0,"c":0,"d":1,"e":122.251953125,"f":3253.130859375},"text":"代表者","children":[]}]},{"name":"線 46","type":"line","bounds":{"width":560.71875,"height":0,"x":9984.72265625,"y":3289.6484375},"style":{"stroke":{"color":{"type":"color","rgba":"rgba(0, 0, 0, 255)","hex":"#000000"},"width":0.25}},"id":"2603724e-c05b-48ec-8373-5f72e19098ca","transform":{"a":1,"b":0,"c":0,"d":1,"e":120.2255859375,"f":3289.6484375},"children":[]}]},{"name":"グループ 949","type":"group","bounds":{"width":560.71875,"height":184.66552734375,"x":9984.72265625,"y":3311.6328125},"style":{},"id":"c5b82521-65f2-456d-8f71-82952911392a","transform":{"a":1,"b":0,"c":0,"d":1,"e":0,"f":0},"children":[{"name":"グループ 948","type":"group","bounds":{"width":558.6923828125,"height":120,"x":9986.7490234375,"y":3311.6328125},"style":{},"id":"d2684d65-f8ad-4dc1-9076-17c9ccb36be6","transform":{"a":1,"b":0,"c":0,"d":1,"e":0,"f":0},"children":[{"name":"住所","type":"text","bounds":{"width":28,"height":20,"x":9986.7490234375,"y":3318.23583984375},"style":{"fontFamily":"Noto Sans JP","fontSize":14,"fontStyle":"Medium","textAlign":"left","lineHeight":80,"fill":{"type":"color","rgba":"rgba(0, 0, 0, 255)","hex":"#000000"}},"id":"1844880f-7901-48c5-baf0-24c07fcfa8ef","transform":{"a":1,"b":0,"c":0,"d":1,"e":122.251953125,"f":3334.23583984375},"text":"住所","children":[]},{"name":"グループ 947","type":"group","bounds":{"width":426.8896484375,"height":120,"x":10118.5517578125,"y":3311.6328125},"style":{},"id":"e8b1382b-edeb-43a0-97f0-a6dc8c05b017","transform":{"a":1,"b":0,"c":0,"d":1,"e":0,"f":0},"children":[{"name":"本社　〒651-2114 兵庫県神戸市西区今寺 36-11\n　　　TEL（078）975-2023　FAX（078）975-3063\n\n工場　〒651-2124 兵庫県神戸市西区伊川谷町潤和 997-5\n　　　TEL（078）975-7557　FAX（078）975-7527","type":"text","bounds":{"width":356,"height":120,"x":10118.5517578125,"y":3311.6328125},"style":{"fontFamily":"Noto Sans JP","fontSize":14,"fontStyle":"Medium","textAlign":"left","lineHeight":25,"fill":{"type":"color","rgba":"rgba(0, 0, 0, 255)","hex":"#000000"}},"id":"eed3ec07-01dc-4af8-b8fb-58ef646934ca","transform":{"a":1,"b":0,"c":0,"d":1,"e":254.0546875,"f":3327.6328125},"text":"本社　〒651-2114 兵庫県神戸市西区今寺 36-11\n　　　TEL（078）975-2023　FAX（078）975-3063\n\n工場　〒651-2124 兵庫県神戸市西区伊川谷町潤和 997-5\n　　　TEL（078）975-7557　FAX（078）975-7527","children":[]},{"name":"線 49","type":"line","bounds":{"width":425.73828125,"height":0,"x":10119.703125,"y":3371.33984375},"style":{"stroke":{"color":{"type":"color","rgba":"rgba(0, 0, 0, 255)","hex":"#000000"},"width":0.25}},"id":"61ec87de-04cf-4497-b311-85c95798182f","transform":{"a":1,"b":0,"c":0,"d":1,"e":255.2060546875,"f":3371.33984375},"children":[]}]}]},{"name":"線 54","type":"line","bounds":{"width":560.71875,"height":0,"x":9984.72265625,"y":3496.29833984375},"style":{"stroke":{"color":{"type":"color","rgba":"rgba(0, 0, 0, 255)","hex":"#000000"},"width":0.25}},"id":"0d77a9c7-ae68-45c8-baa6-aa0ef4c1eae7","transform":{"a":1,"b":0,"c":0,"d":1,"e":120.2255859375,"f":3496.29833984375},"children":[]}]},{"name":"グループ 944","type":"group","bounds":{"width":560.71875,"height":81.804931640625,"x":9984.72265625,"y":3126.02587890625},"style":{},"id":"9f5ce17e-3ad4-4522-a4b4-ed9c5811ee69","transform":{"a":1,"b":0,"c":0,"d":1,"e":0,"f":0},"children":[{"name":"線 47","type":"line","bounds":{"width":560.71875,"height":0,"x":9984.72265625,"y":3207.830810546875},"style":{"stroke":{"color":{"type":"color","rgba":"rgba(0, 0, 0, 255)","hex":"#000000"},"width":0.25}},"id":"749a06be-0d72-4b47-963f-35000a630f1e","transform":{"a":1,"b":0,"c":0,"d":1,"e":120.2255859375,"f":3207.830810546875},"children":[]},{"name":"線 52","type":"line","bounds":{"width":560.71875,"height":0,"x":9984.72265625,"y":3126.02587890625},"style":{"stroke":{"color":{"type":"color","rgba":"rgba(0, 0, 0, 255)","hex":"#000000"},"width":0.25}},"id":"863253b4-1a4e-4417-83e5-56f8e6b53619","transform":{"a":1,"b":0,"c":0,"d":1,"e":120.2255859375,"f":3126.02587890625},"children":[]},{"name":"グループ 943","type":"group","bounds":{"width":261.3525390625,"height":20.065673828125,"x":9986.7490234375,"y":3159.243408203125},"style":{},"id":"55f9adbc-47d3-482a-b674-0b8b4db38119","transform":{"a":1,"b":0,"c":0,"d":1,"e":0,"f":0},"children":[{"name":"会社名","type":"text","bounds":{"width":42,"height":20,"x":9986.7490234375,"y":3159.243408203125},"style":{"fontFamily":"Noto Sans JP","fontSize":14,"fontStyle":"Medium","textAlign":"left","lineHeight":80,"fill":{"type":"color","rgba":"rgba(0, 0, 0, 255)","hex":"#000000"}},"id":"4a7222c2-0adf-4e48-8435-f7137797a18a","transform":{"a":1,"b":0,"c":0,"d":1,"e":122.251953125,"f":3175.243408203125},"text":"会社名","children":[]},{"name":"有限会社 板岡工作所","type":"text","bounds":{"width":129,"height":20,"x":10119.1015625,"y":3159.30908203125},"style":{"fontFamily":"Noto Sans JP","fontSize":14,"fontStyle":"Medium","textAlign":"left","lineHeight":25,"fill":{"type":"color","rgba":"rgba(0, 0, 0, 255)","hex":"#000000"}},"id":"cca3d011-040f-4622-9382-5de0adaa91db","transform":{"a":1,"b":0,"c":0,"d":1,"e":254.6044921875,"f":3175.30908203125},"text":"有限会社 板岡工作所",