{"artboards":[{"name":"グループ 903","type":"group","bounds":{"width":375,"height":585,"x":11427,"y":0},"style":{},"id":"50fc44b0-69fb-4cb4-9f94-7751ce4cdce1","transform":{"a":1,"b":0,"c":0,"d":1,"e":0,"f":0},"children":[{"name":"長方形 217","type":"rectangle","bounds":{"width":375,"height":585,"x":11427,"y":0},"style":{"fill":{"type":"color","rgba":"rgba(255, 255, 255, 255)","hex":"#FFFFFF"}},"id":"0fda4491-b369-43bc-8c98-ea6dc681ea43","transform":{"a":1,"b":0,"c":0,"d":1,"e":0,"f":0},"children":[]},{"name":"グループ 902","type":"group","bounds":{"width":375,"height":450.0587158203125,"x":11427,"y":134.4915008544922},"style":{},"id":"b9e617b0-499f-4486-acc3-168b0fc862a8","transform":{"a":1,"b":0,"c":0,"d":1,"e":0,"f":0},"children":[{"name":"グループ 901","type":"group","bounds":{"width":178,"height":86.57040405273438,"x":11460.4140625,"y":134.4915008544922},"style":{},"id":"66df685a-a3ef-4bab-bb39-9f4435252094","transform":{"a":1,"b":0,"c":0,"d":1,"e":0,"f":0},"children":[{"name":"会社情報","type":"text","bounds":{"width":80,"height":29,"x":11461.7080078125,"y":192.06190490722656},"style":{"fontFamily":"Noto Sans JP","fontSize":20,"fontStyle":"Bold","textAlign":"left","lineHeight":35,"fill":{"type":"color","rgba":"rgba(0, 0, 0, 255)","hex":"#000000"}},"id":"bd4a95df-19e4-4620-ade7-e74926e3e005","transform":{"a":1,"b":0,"c":0,"d":1,"e":34.7080078125,"f":215.06190490722656},"text":"会社情報","children":[]},{"name":"COMPANY","type":"text","bounds":{"width":178,"height":54,"x":11460.4140625,"y":134.4915008544922},"style":{"fontFamily":"Noto Sans JP","fontSize":37,"fontStyle":"Bold","textAlign":"left","lineHeight":44.400001525878906,"fill":{"type":"color","rgba":"rgba(0, 56, 148, 255)","hex":"#003894"}},"id":"7833d475-833e-40b7-a0cb-f12f3f5904a6","transform":{"a":1,"b":0,"c":0,"d":1,"e":33.4140625,"f":177.4915008544922},"text":"COMPANY","children":[]}]},{"name":"company-mv_sp","type":"group","bounds":{"width":375,"height":333.7829284667969,"x":11427,"y":250.76730346679688},"style":{},"id":"d918da91-a0a4-4a17-bb7d-a5aa7ec5d51c","transform":{"a":1,"b":0,"c":0,"d":1,"e":-1799.046875,"f":-2.2746694087982178},"children":[{"name":"グループ 44","type":"group","bounds":{"width":375,"height":333.7829284667969,"x":11427,"y":250.76730346679688},"style":{},"id":"d49ccf88-2b71-43a5-a69c-84dac8e3d0a0","transform":{"a":1,"b":0,"c":0,"d":1,"e":0,"f":0},"children":[{"name":"長方形 54","type":"rectangle","bounds":{"width":515.3759765625,"height":343.58428955078125,"x":11336.650390625,"y":248.564697265625},"style":{"fill":{"type":"image"}},"id":"8f12cb4d-4b42-412b-927a-f1629e6c0bb4","transform":{"a":1,"b":0,"c":0,"d":1,"e":1708.69677734375,"f":250.83937072753906},"children":[]},{"name":"長方形 55","type":"rectangle","bounds":{"width":375,"height":333.7828674316406,"x":11427,"y":250.76730346679688},"style":{},"id":"b8e158b8-5843-4765-ae68-f435c2b6c6f0","transform":{"a":1,"b":0,"c":0,"d":1,"e":1799.0469970703125,"f":253.04197692871094},"children":[]}]}]}]}]}]}