{"artboards":[{"name":"グループ 900","type":"group","bounds":{"width":1440.4970703125,"height":898,"x":9864,"y":0},"style":{},"id":"cc54f80c-ebf8-49e4-802a-513c07dd482c","transform":{"a":1,"b":0,"c":0,"d":1,"e":0,"f":0},"children":[{"name":"長方形 216","type":"rectangle","bounds":{"width":1440,"height":898,"x":9864,"y":0},"style":{"fill":{"type":"color","rgba":"rgba(255, 255, 255, 255)","hex":"#FFFFFF"}},"id":"6fb4aeae-b62d-43da-b539-2161f5e1a7b6","transform":{"a":1,"b":0,"c":0,"d":1,"e":-0.4970703125,"f":0},"children":[]},{"name":"グループ 899","type":"group","bounds":{"width":1440,"height":710.33154296875,"x":9864.4970703125,"y":187.444580078125},"style":{},"id":"6a39ce76-1c4e-4b5f-ab66-77fd3400cdca","transform":{"a":1,"b":0,"c":0,"d":1,"e":0,"f":0},"children":[{"name":"グループ 898","type":"group","bounds":{"width":334,"height":130.22119140625,"x":10011.1416015625,"y":187.444580078125},"style":{},"id":"68267fe7-040c-4e1f-89df-e0b6a3eb7cc8","transform":{"a":1,"b":0,"c":0,"d":1,"e":0,"f":0},"children":[{"name":"会社情報","type":"text","bounds":{"width":88,"height":32,"x":10012.435546875,"y":285.665771484375},"style":{"fontFamily":"Noto Sans JP","fontSize":22,"fontStyle":"Bold","textAlign":"left","lineHeight":38.5,"fill":{"type":"color","rgba":"rgba(0, 0, 0, 255)","hex":"#000000"}},"id":"def737fd-ed39-4188-8018-6cd74b6c68f8","transform":{"a":1,"b":0,"c":0,"d":1,"e":147.9384765625,"f":311.665771484375},"text":"会社情報","children":[]},{"name":"COMPANY","type":"text","bounds":{"width":334,"height":100,"x":10011.1416015625,"y":187.444580078125},"style":{"fontFamily":"Noto Sans JP","fontSize":69.26571655273438,"fontStyle":"Bold","textAlign":"left","lineHeight":83.11886596679688,"fill":{"type":"color","rgba":"rgba(0, 56, 148, 255)","hex":"#003894"}},"id":"b9c9cfa0-6162-4a63-af83-7a5359e27242","transform":{"a":1,"b":0,"c":0,"d":1,"e":146.64453125,"f":267.444580078125},"text":"COMPANY","children":[]}]},{"name":"company-mv","type":"group","bounds":{"width":1440,"height":546.3416748046875,"x":9864.4970703125,"y":351.4344787597656},"style":{},"id":"6b123fb5-d725-4203-b4f8-c30431847ffe","transform":{"a":1,"b":0,"c":0,"d":1,"e":-9864.4970703125,"f":0},"children":[{"name":"グループ 44","type":"group","bounds":{"width":1440,"height":546.3416748046875,"x":9864.4970703125,"y":351.4344787597656},"style":{},"id":"afef2e56-7f47-436f-a440-0068e976490f","transform":{"a":1,"b":0,"c":0,"d":1,"e":0,"f":0},"children":[{"name":"長方形 61","type":"rectangle","bounds":{"width":1624.40234375,"height":1082.93505859375,"x":9841.1845703125,"y":249.62721252441406},"style":{"fill":{"type":"image"}},"id":"f0704bbc-447c-48c4-a870-114ba9e0598d","transform":{"a":1,"b":0,"c":0,"d":1,"e":9841.1845703125,"f":249.62721252441406},"children":[]},{"name":"長方形 62","type":"rectangle","bounds":{"width":1440,"height":546.3416748046875,"x":9864.4970703125,"y":351.4344787597656},"style":{},"id":"6d4ba44f-baec-4728-9615-d918c3ecfa61","transform":{"a":1,"b":0,"c":0,"d":1,"e":9864.4970703125,"f":351.4344787597656},"children":[]}]}]}]}]}]}