{"artboards":[{"name":"グループ 159","type":"group","bounds":{"width":328.939453125,"height":43.45280456542969,"x":11843.404296875,"y":21.19605255126953},"style":{},"id":"c4df682e-8c16-4d6a-8c77-79d96db89722","transform":{"a":1,"b":0,"c":0,"d":1,"e":0,"f":0},"children":[{"name":"グループ 157","type":"group","bounds":{"width":41.1279296875,"height":41.128814697265625,"x":12131.2158203125,"y":23.52004051208496},"style":{},"id":"54c946b9-32fb-4a88-bdac-a777658b2f2b","transform":{"a":1,"b":0,"c":0,"d":1,"e":0,"f":0},"children":[{"name":"長方形 154","type":"rectangle","bounds":{"width":41.12890625,"height":41.128814697265625,"x":12131.2158203125,"y":23.52004051208496},"style":{"fill":{"type":"color","rgba":"rgba(0, 56, 148, 255)","hex":"#003894"}},"id":"0512ec2f-5782-4cd7-97b7-993f6315b6ed","transform":{"a":1,"b":0,"c":0,"d":1,"e":312.2153625488281,"f":21.52004051208496},"children":[]},{"name":"グループ 107","type":"group","bounds":{"width":22.466796875,"height":13.344181060791016,"x":12140.546875,"y":37.41236114501953},"style":{},"id":"b8944b9e-bb35-47f1-a3eb-73188fff5e6d","transform":{"a":1,"b":0,"c":0,"d":1,"e":-444.9399108886719,"f":-2.274665594100952},"children":[{"name":"長方形 155","type":"rectangle","bounds":{"width":22.4677734375,"height":2.9415130615234375,"x":12140.5458984375,"y":37.41236114501953},"style":{"fill":{"type":"color","rgba":"rgba(255, 255, 255, 255)","hex":"#FFFFFF"}},"id":"1c4c35d6-f746-4680-80c1-dedce78d55f3","transform":{"a":1,"b":0,"c":0,"d":1,"e":766.4859008789062,"f":37.68702697753906},"children":[]},{"name":"長方形 156","type":"rectangle","bounds":{"width":22.4677734375,"height":2.9415130615234375,"x":12140.5458984375,"y":47.81502914428711},"style":{"fill":{"type":"color","rgba":"rgba(255, 255, 255, 255)","hex":"#FFFFFF"}},"id":"327a1e3e-c040-4644-9935-1fa6af2941a8","transform":{"a":1,"b":0,"c":0,"d":1,"e":766.4859008789062,"f":48.08969497680664},"children":[]}]}]},{"name":"グループ 158","type":"group","bounds":{"width":211,"height":40.19287109375,"x":11843.404296875,"y":21.19605255126953},"style":{},"id":"b096534a-2ca8-4d83-bd2b-d455548c8008","transform":{"a":1,"b":0,"c":0,"d":1,"e":0,"f":0},"children":[{"name":"有限会社 板岡工作所","type":"text","bounds":{"width":211,"height":31,"x":11843.404296875,"y":21.19605255126953},"style":{"fontFamily":"Reisho101Std-Medium","fontSize":22.77142906188965,"textAlign":"left","lineHeight":39.85000228881836,"fill":{"type":"color","rgba":"rgba(255, 255, 255, 255)","hex":"#FFFFFF"}},"id":"8e9212fd-9d92-4369-88a7-e3784c99b3d2","transform":{"a":1,"b":0,"c":0,"d":1,"e":24.404327392578125,"f":44.19605255126953},"text":"有限会社 板岡工作所","children":[]},{"name":"ITAOKA MANUFACTURING","type":"text","bounds":{"width":108,"height":11,"x":11887.841796875,"y":50.38892364501953},"style":{"fontFamily":"NotoSansJP-Medium","fontSize":7.654739856719971,"textAlign":"center","lineHeight":9.185688018798828,"letterSpacing":100,"fill":{"type":"color","rgba":"rgba(255, 255, 255, 255)","hex":"#FFFFFF"}},"id":"aec45468-022d-4a11-b4d5-b7de3cf9b4fc","transform":{"a":1,"b":0,"c":0,"d":1,"e":122.84133911132812,"f":57.38892364501953},"text":"ITAOKA MANUFACTURING","children":[]}]}]}]}