{"artboards":[{"name":"グループ 138","type":"group","bounds":{"width":1332.2442626953125,"height":103.75279998779297,"x":1635.8895263671875,"y":-0.15227144956588745},"style":{},"id":"856bed9a-d6e7-4429-af9a-03b6ee64e806","transform":{"a":1,"b":0,"c":0,"d":1,"e":0,"f":0},"children":[{"name":"グループ 137","type":"group","bounds":{"width":772.060302734375,"height":103.75279998779297,"x":2196.073486328125,"y":-0.15227144956588745},"style":{},"id":"2021a7f0-3b59-4f4e-aab6-8401d2b2fc9a","transform":{"a":1,"b":0,"c":0,"d":1,"e":0,"f":0},"children":[{"name":"長方形 170","type":"rectangle","bounds":{"width":772.060302734375,"height":103.75279998779297,"x":2196.073486328125,"y":-0.15227144956588745},"style":{"fill":{"type":"color","rgba":"rgba(0, 56, 148, 255)","hex":"#003894"}},"id":"4bd6e67a-c563-49e5-9392-20d733f058ef","transform":{"a":1,"b":0,"c":0,"d":1,"e":615.8385009765625,"f":-0.15227144956588745},"children":[]},{"name":"グループ 136","type":"group","bounds":{"width":720.48681640625,"height":103.75279998779297,"x":2247.64697265625,"y":-0.15227144956588745},"style":{},"id":"a92eb6bf-e107-42a4-81a6-53b09465ac7f","transform":{"a":1,"b":0,"c":0,"d":1,"e":0,"f":0},"children":[{"name":"グループ 135","type":"group","bounds":{"width":104.2021484375,"height":103.75279998779297,"x":2863.931640625,"y":-0.15227144956588745},"style":{},"id":"000cabab-6468-469d-8a63-064e17e57088","transform":{"a":1,"b":0,"c":0,"d":1,"e":0,"f":0},"children":[{"name":"長方形 171","type":"rectangle","bounds":{"width":104.2021484375,"height":103.75279998779297,"x":2863.931640625,"y":-0.15227144956588745},"style":{"fill":{"type":"color","rgba":"rgba(204, 204, 204, 255)","hex":"#CCCCCC"}},"id":"ee924e44-bbc8-4ca2-a9de-9dbaa782de5a","transform":{"a":1,"b":0,"c":0,"d":1,"e":1283.6966552734375,"f":-0.15227144956588745},"children":[]},{"name":"グループ 125","type":"group","bounds":{"width":84,"height":40.63818359375,"x":2874.11328125,"y":38.74314880371094},"style":{},"id":"0439feb6-e63a-4cdc-87f2-83adf493b836","transform":{"a":1,"b":0,"c":0,"d":1,"e":0,"f":0},"children":[{"name":"お問い合わせ","type":"text","bounds":{"width":84,"height":20,"x":2874.11328125,"y":38.74314880371094},"style":{"fontFamily":"Noto Sans JP","fontSize":14,"fontStyle":"Bold","textAlign":"center","lineHeight":24.5,"fill":{"type":"color","rgba":"rgba(0, 0, 0, 255)","hex":"#000000"}},"id":"2acdaef6-bc29-4c87-85fb-3c3503d90e16","transform":{"a":1,"b":0,"c":0,"d":1,"e":1335.8782958984375,"f":54.74314880371094},"text":"お問い合わせ","children":[]},{"name":"COPNTACT","type":"text","bounds":{"width":54,"height":16,"x":2889.11376953125,"y":63.38133239746094},"style":{"fontFamily":"Noto Sans JP","fontSize":11,"fontStyle":"Light","textAlign":"center","lineHeight":13.200000762939453,"fill":{"type":"color","rgba":"rgba(0, 0, 0, 255)","hex":"#000000"}},"id":"93dd740b-8c54-4e2f-9dd9-ade6e73bbf60","transform":{"a":1,"b":0,"c":0,"d":1,"e":1335.8787841796875,"f":76.38133239746094},"text":"COPNTACT","children":[]}]}]},{"name":"グループ 134","type":"group","bounds":{"width":584.99853515625,"height":84.87670135498047,"x":2247.64697265625,"y":9.229649543762207},"style":{},"id":"0a3eca7c-f4dd-4bf0-85b0-4b816e3a0fde","transform":{"a":1,"b":0,"c":0,"d":1,"e":0,"f":0},"children":[{"name":"TOP","type":"text","bounds":{"width":28,"height":20,"x":2247.64697265625,"y":44.41160583496094},"style":{"fontFamily":"Noto Sans JP","fontSize":14,"fontStyle":"Bold","textAlign":"center","lineHeight":24.5,"fill":{"type":"color","rgba":"rgba(255, 255, 255, 255)","hex":"#FFFFFF"}},"id":"294230d0-8cf5-4dc3-95d3-20fa59290a72","transform":{"a":1,"b":0,"c":0,"d":1,"e":681.4119873046875,"f":60.41160583496094},"text":"TOP","children":[]},{"name":"グループ 127","type":"group","bounds":{"width":102.31396484375,"height":84.87670135498047,"x":2730.33154296875,"y":9.229649543762207},"style":{},"id":"7b40dd03-af80-4fe0-8e7a-f22931b95347","transform":{"a":1,"b":0,"c":0,"d":1,"e":0,"f":0},"children":[{"name":"グループ 126","type":"group","bounds":{"width":72,"height":40.63818359375,"x":2760.6455078125,"y":38.74314880371094},"style":{},"id":"eca3f97e-de6c-419c-8e66-eb0c6849dcdf","transform":{"a":1,"b":0,"c":0,"d":1,"e":0,"f":0},"children":[{"name":"採用情報","type":"text","bounds":{"width":56,"height":20,"x":2768.888671875,"y":38.74314880371094},"style":{"fontFamily":"Noto Sans JP","fontSize":14,"fontStyle":"Bold","textAlign":"center","lineHeight":24.5,"fill":{"type":"color","rgba":"rgba(255, 255, 255, 255)","hex":"#FFFFFF"}},"id":"c17a3786-78e3-46cd-ad49-a7248b537b24","transform":{"a":1,"b":0,"c":0,"d":1,"e":1216.6536865234375,"f":54.74314880371094},"text":"採用情報","children":[]},{"name":"RECRUITMENT","type":"text","bounds":{"width":72,"height":16,"x":2760.6455078125,"y":63.38133239746094},"style":{"fontFamily":"Noto Sans JP","fontSize":11,"fontStyle":"Light","textAlign":"center","lineHeight":13.200000762939453,"fill":{"type":"color","rgba":"rgba(255, 255, 255, 255)","hex":"#FFFFFF"}},"id":"03c71ec5-6c62-4013-83b4-be7f7c0b20a7","transform":{"a":1,"b":0,"c":0,"d":1,"e":1216.4105224609375,"f":76.38133239746094},"text":"RECRUITMENT","children":[]}]},{"name":"線 88","type":"line","bounds":{"width":0,"height":84.87670135498047,"x":2730.33154296875,"y":9.229649543762207},"style":{"stroke":{"color":{"type":"color","rgba":"rgba(255, 255, 255, 255)","hex":"#FFFFFF"},"width":0.5}},"id":"57286a04-4bfc-40b6-8b72-bcc748d17f77","transform":{"a":1,"b":0,"c":0,"d":1,"e":1150.0965576171875,"f":9.229649543762207},"children":[]}]},{"name":"グループ 129","type":"group","bounds":{"width":94.60107421875,"height":84.87670135498047,"x":2596.48046875,"y":9.229649543762207},"style":{},"id":"b32a265d-87cc-496d-a0a8-393954815c33","transform":{"a":1,"b":0,"c":0,"d":1,"e":0,"f":0},"children":[{"name":"グループ 128","type":"group","bounds":{"width":56,"height":40.63818359375,"x":2635.08154296875,"y":38.74314880371094},"style":{},"id":"50980cde-2400-4cc5-b2d7-c4b53b99de24","transform":{"a":1,"b":0,"c":0,"d":1,"e":0,"f":0},"children":[{"name":"会社情報","type":"text","bounds":{"width":56,"height":20,"x":2635.08154296875,"y":38.74314880371094},"style":{"fontFamily":"Noto Sans JP","fontSize":14,"fontStyle":"Bold","textAlign":"center","lineHeight":24.5,"fill":{"type":"color","rgba":"rgba(255, 255, 255, 255)","hex":"#FFFFFF"}},"id":"19c1f0c3-cfd1-45ea-90b0-9dd7cdd08ea6","transform":{"a":1,"b":0,"c":0,"d":1,"e":1082.8465576171875,"f":54.74314880371094},"text":"会社情報","children":[]},{"name":"COMPANY","type":"text","bounds":{"width":50,"height":16,"x":2637.539794921875,"y":63.38133239746094},"style":{"fontFamily":"Noto Sans JP","fontSize":11,"fontStyle":"Light","textAlign":"center","lineHeight":13.200000762939453,"fill":{"type":"color","rgba":"rgba(255, 255, 255, 255)","hex":"#FFFFFF"}},"id":"fef4f465-810b-43d5-875f-8708087f5d8a","transform":{"a":1,"b":0,"c":0,"d":1,"e":1082.3048095703125,"f":76.38133239746094},"text":"COMPANY","children":[]}]},{"name":"線 89","type":"line","bounds":{"width":0,"height":84.87670135498047,"x":2596.48046875,"y":9.229649543762207},"style":{"stroke":{"color":{"type":"color","rgba":"rgba(255, 255, 255, 255)","hex":"#FFFFFF"},"width":0.5}},"id":"a2801350-dae2-4ef0-b58d-0f4a4f3e55c0","transform":{"a":1,"b":0,"c":0,"d":1,"e":1016.2454833984375,"f":9.229649543762207},"children":[]}]},{"name":"グループ 131","type":"group","bounds":{"width":92.201416015625,"height":84.87670135498047,"x":2463.202392578125,"y":9.229649543762207},"style":{},"id":"fc6ed4bf-8b9a-45e5-8a8d-79c610fc1eeb","transform":{"a":1,"b":0,"c":0,"d":1,"e":0,"f":0},"children":[{"name":"グループ 130","type":"group","bounds":{"width":56,"height":40.638671875,"x":2499.40380859375,"y":38.74266052246094},"style":{},"id":"e9f92564-a5e1-4480-bda8-3f57d8496e8a","transform":{"a":1,"b":0,"c":0,"d":1,"e":0,"f":0},"children":[{"name":"設備紹介","type":"text","bounds":{"width":56,"height":20,"x":2499.40380859375,"y":38.74266052246094},"style":{"fontFamily":"Noto Sans JP","fontSize":14,"fontStyle":"Bold","textAlign":"center","lineHeight":24.5,"fill":{"type":"color","rgba":"rgba(255, 255, 255, 255)","hex":"#FFFFFF"}},