{"artboards":[{"name":"グループ 1005","type":"group","bounds":{"width":375,"height":521,"x":11427,"y":3188},"style":{},"id":"f741a03b-f3a5-48b0-b0ce-4c1c29b7e3d8","transform":{"a":1,"b":0,"c":0,"d":1,"e":0,"f":0},"children":[{"name":"長方形 224","type":"rectangle","bounds":{"width":375,"height":521,"x":11427,"y":3188},"style":{"fill":{"type":"color","rgba":"rgba(255, 255, 255, 255)","hex":"#FFFFFF"}},"id":"aed65bfa-31eb-43c3-a1af-be251c3853b6","transform":{"a":1,"b":0,"c":0,"d":1,"e":0,"f":3188},"children":[]},{"name":"グループ 1003","type":"group","bounds":{"width":318.693359375,"height":422.71484375,"x":11457.4453125,"y":3220.30517578125},"style":{},"id":"7838e7bd-dd36-4588-bd72-e270cbd56cb0","transform":{"a":1,"b":0,"c":0,"d":1,"e":0,"f":0},"children":[{"name":"沿革","type":"text","bounds":{"width":36,"height":26,"x":11457.4453125,"y":3220.30517578125},"style":{"fontFamily":"Noto Sans JP","fontSize":18,"fontStyle":"Bold","textAlign":"left","lineHeight":31.5,"fill":{"type":"color","rgba":"rgba(0, 56, 148, 255)","hex":"#003894"}},"id":"a03df680-9227-48f7-be84-c24d3e4ec1d0","transform":{"a":1,"b":0,"c":0,"d":1,"e":30.4453125,"f":3241.30517578125},"text":"沿革","children":[]},{"name":"グループ 1002","type":"group","bounds":{"width":318.654296875,"height":369.33984375,"x":11457.484375,"y":3273.68017578125},"style":{},"id":"038ab4ea-d548-48d7-a191-4997a4af255d","transform":{"a":1,"b":0,"c":0,"d":1,"e":0,"f":0},"children":[{"name":"グループ 1000","type":"group","bounds":{"width":314.7861328125,"height":112.295166015625,"x":11457.484375,"y":3273.68017578125},"style":{},"id":"6eda9c87-835f-4081-ac08-5b08cfdf8421","transform":{"a":1,"b":0,"c":0,"d":1,"e":0,"f":0},"children":[{"name":"グループ 999","type":"group","bounds":{"width":302.6435546875,"height":77.000732421875,"x":11459.509765625,"y":3291.89013671875},"style":{},"id":"3b98380e-e684-4865-a7a0-1ddbacc0dfbf","transform":{"a":1,"b":0,"c":0,"d":1,"e":0,"f":0},"children":[{"name":"グループ 998","type":"group","bounds":{"width":78.0185546875,"height":17,"x":11459.509765625,"y":3291.89013671875},"style":{},"id":"364731ef-5825-4529-abf2-68d4ec6e6f14","transform":{"a":1,"b":0,"c":0,"d":1,"e":0,"f":0},"children":[{"name":"昭和52年","type":"text","bounds":{"width":50,"height":17,"x":11459.509765625,"y":3291.89013671875},"style":{"fontFamily":"Noto Sans JP","fontSize":12,"fontStyle":"Medium","textAlign":"left","lineHeight":80,"fill":{"type":"color","rgba":"rgba(0, 0, 0, 255)","hex":"#000000"}},"id":"e8854887-30f0-45ad-a08b-9617ba1858d4","transform":{"a":1,"b":0,"c":0,"d":1,"e":32.509765625,"f":3305.89013671875},"text":"昭和52年","children":[]},{"name":"1月","type":"text","bounds":{"width":19,"height":17,"x":11518.5283203125,"y":3291.89013671875},"style":{"fontFamily":"Noto Sans JP","fontSize":12,"fontStyle":"Medium","textAlign":"left","lineHeight":80,"fill":{"type":"color","rgba":"rgba(0, 0, 0, 255)","hex":"#000000"}},"id":"0ac5c8a9-f9b9-4790-9fe7-218c96669100","transform":{"a":1,"b":0,"c":0,"d":1,"e":91.5283203125,"f":3305.89013671875},"text":"1月","children":[]}]},{"name":"板岡工作所創立\n（兵庫県神戸市東灘区魚崎南町2丁目）\n原子力発電所向けポンプ部品の\n製造からスタート","type":"text","bounds":{"width":211,"height":77,"x":11551.1533203125,"y":3291.890869140625},"style":{"fontFamily":"Noto Sans JP","fontSize":12,"fontStyle":"Medium","textAlign":"left","lineHeight":20,"fill":{"type":"color","rgba":"rgba(0, 0, 0, 255)","hex":"#000000"}},"id":"d4d12468-a5e3-4f45-9364-eef5d6c87643","transform":{"a":1,"b":0,"c":0,"d":1,"e":124.1533203125,"f":3305.890869140625},"text":"板岡工作所創立\n（兵庫県神戸市東灘区魚崎南町2丁目）\n原子力発電所向けポンプ部品の\n製造からスタート","children":[]}]},{"name":"線 54","type":"line","bounds":{"width":314.7861328125,"height":0,"x":11457.484375,"y":3385.975341796875},"style":{"stroke":{"color":{"type":"color","rgba":"rgba(0, 0, 0, 255)","hex":"#000000"},"width":0.25}},"id":"ad953a35-00ce-4926-b657-3fb4ccc4f30a","transform":{"a":1,"b":0,"c":0,"d":1,"e":30.484375,"f":3385.975341796875},"children":[]},{"name":"線 55","type":"line","bounds":{"width":314.7861328125,"height":0,"x":11457.484375,"y":3273.68017578125},"style":{"stroke":{"color":{"type":"color","rgba":"rgba(0, 0, 0, 255)","hex":"#000000"},"width":0.25}},"id":"54711eba-416e-4924-a692-a403e1659d8e","transform":{"a":1,"b":0,"c":0,"d":1,"e":30.484375,"f":3273.68017578125},"children":[]}]},{"name":"グループ 1001","type":"group","bounds":{"width":318.654296875,"height":234.511474609375,"x":11457.484375,"y":3408.508544921875},"style":{},"id":"7c1c4855-153d-4c35-af4d-0b94df21e151","transform":{"a":1,"b":0,"c":0,"d":1,"e":0,"f":0},"children":[{"name":"線 56","type":"line","bounds":{"width":314.7861328125,"height":0,"x":11457.484375,"y":3577.51904296875},"style":{"stroke":{"color":{"type":"color","rgba":"rgba(0, 0, 0, 255)","hex":"#000000"},"width":0.25}},"id":"e7a7d4d8-c338-44c5-aa47-cb848ff26979","transform":{"a":1,"b":0,"c":0,"d":1,"e":30.484375,"f":3577.51904296875},"children":[]},{"name":"線 57","type":"line","bounds":{"width":314.7861328125,"height":0,"x":11457.484375,"y":3447.994140625},"style":{"stroke":{"color":{"type":"color","rgba":"rgba(0, 0, 0, 255)","hex":"#000000"},"width":0.25}},"id":"ad921a2d-cc63-4f5f-a954-7ff79500645a","transform":{"a":1,"b":0,"c":0,"d":1,"e":30.484375,"f":3447.994140625},"children":[]},{"name":"線 64","type":"line","bounds":{"width":314.7861328125,"height":0,"x":11457.484375,"y":3514.98095703125},"style":{"stroke":{"color":{"type":"color","rgba":"rgba(0, 0, 0, 255)","hex":"#000000"},"width":0.25}},"id":"610147d7-6b3d-4599-97ce-ec8d81c0d64e","transform":{"a":1,"b":0,"c":0,"d":1,"e":30.484375,"f":3514.98095703125},"children":[]},{"name":"線 65","type":"line","bounds":{"width":314.7861328125,"height":0,"x":11457.484375,"y":3643.02001953125},"style":{"stroke":{"color":{"type":"color","rgba":"rgba(0, 0, 0, 255)","hex":"#000000"},"width":0.25}},"id":"f6926101-e21c-40d2-817f-9a3dec6b34d3","transform":{"a":1,"b":0,"c":0,"d":1,"e":30.484375,"f":3643.02001953125},"children":[]},{"name":"神戸市西区今寺36-11に移転\n有限会社板岡工作所設立\n神戸市西区伊川谷町潤和997-5に工場移転\n代表取締役が板岡 博より板岡 博史へ交代","type":"text","bounds":{"width":224,"height":209,"x":11552.138671875,"y":3408.508544921875},"style":{"fontFamily":"Noto Sans JP","fontSize":12,"fontStyle":"Medium","textAlign":"left","lineHeight":64,"fill":{"type":"color","rgba":"rgba(0, 0, 0, 255)","hex":"#000000"}},"id":"3bdb9238-fea2-4a49-8a7d-507f39f6817c","transform":{"a":1,"b":0,"c":0,"d":1,"e":125.138671875,"f":3422.508544921875},"text":"神戸市西区今寺36-11に移転\n有限会社板岡工作所設立\n神戸市西区伊川谷町潤和997-5に工場移転\n代表取締役が板岡 博より板岡 博史へ交代","children":[]},{"name":"平成5年\n平成12年\n平成18年\n令和７年","type":"text","bounds":{"width":50,"height":209,"x":11459.509765625,"y":3408.509521484375},"style":{"fontFamily":"Noto Sans JP","fontSize":12,"fontStyle":"Medium","textAlign":"left","lineHeight":64,"fill":{"type":"color","rgba":"rgba(0, 0, 0, 255)","hex":"#000000"}},"id":"e5485285-b9fd-49d1-9088-5f5ba5823f06","transform":{"a":1,"b":0,"c":0,"d":1,"e":32.509765625,"f":3422.509521484375},"text":"平成5年\n平成12年\n平成18年\n令和７年","children":[]},{"name":"8月\n12月\n4月\n9月","type":"text","bounds":{"width":26,"height":209,"x":11518.52734375,"y":3408.509521484375},"style":{"fontFamily":"Noto Sans JP","fontSize":12,"fontStyle":"Medium","textAlign":"left","lineHeight":64,"fill":{"type":"color","rgba":"rgba(0, 0, 0, 255)","hex":"#000000"}},"id":"15d05530-a898-46a3-959e-b339b432621e","transform":{"a":1,"b":0,"c":0,"d":1,"e":91.52734375,"f":3422.509521484375},"text":"8月\n12月\n4月\n9月","children":[]}]}]}]}]}]}