{"artboards":[{"name":"グループ 617","type":"group","bounds":{"width":1440.1279296875,"height":897.776123046875,"x":3304,"y":0},"style":{},"id":"b9969c5d-02d5-4c8f-8f98-fcbcde8046b8","transform":{"a":1,"b":0,"c":0,"d":1,"e":0,"f":0},"children":[{"name":"services-mv","type":"group","bounds":{"width":1440.000244140625,"height":546.3416748046875,"x":3304.127685546875,"y":351.4344787597656},"style":{},"id":"3d661bd8-ab23-4018-8ac7-13de07a292f5","transform":{"a":1,"b":0,"c":0,"d":1,"e":-3304.127685546875,"f":0},"children":[{"name":"グループ 72","type":"group","bounds":{"width":1440.000244140625,"height":546.3416748046875,"x":3304.127685546875,"y":351.4344787597656},"style":{},"id":"208c5b02-b2c2-4cf7-bb8c-cdc3f8a00cd5","transform":{"a":1,"b":0,"c":0,"d":1,"e":0,"f":0},"children":[{"name":"長方形 129","type":"rectangle","bounds":{"width":1467.251953125,"height":978.1680908203125,"x":3291.65234375,"y":94.10635375976562},"style":{"fill":{"type":"image"}},"id":"cf82dab7-7387-426c-bf26-61f7dc1c0c2e","transform":{"a":1,"b":0,"c":0,"d":1,"e":3291.65234375,"f":94.10635375976562},"children":[]},{"name":"長方形 130","type":"rectangle","bounds":{"width":1440.000244140625,"height":546.3416748046875,"x":3304.127685546875,"y":351.4344787597656},"style":{},"id":"f2b4e9b7-8630-4bfe-9efd-f66e4e5df0a6","transform":{"a":1,"b":0,"c":0,"d":1,"e":3304.127685546875,"f":351.4344787597656},"children":[]}]}]},{"name":"グループ 616","type":"group","bounds":{"width":1440,"height":351,"x":3304,"y":0},"style":{},"id":"0ec4285f-c799-4c7b-a3e8-cf82d1e36e80","transform":{"a":1,"b":0,"c":0,"d":1,"e":0,"f":0},"children":[{"name":"長方形 199","type":"rectangle","bounds":{"width":1440,"height":351,"x":3304,"y":0},"style":{"fill":{"type":"color","rgba":"rgba(255, 255, 255, 255)","hex":"#FFFFFF"}},"id":"b8f0ed67-2364-43b5-9c79-418c077abf4d","transform":{"a":1,"b":0,"c":0,"d":1,"e":-0.127685546875,"f":0},"children":[]},{"name":"グループ 615","type":"group","bounds":{"width":329,"height":130.22119140625,"x":3450.77197265625,"y":187.444580078125},"style":{},"id":"326c2d96-9043-4464-a65e-a9c18d25b86a","transform":{"a":1,"b":0,"c":0,"d":1,"e":0,"f":0},"children":[{"name":"業務内容","type":"text","bounds":{"width":88,"height":32,"x":3452.06591796875,"y":285.665771484375},"style":{"fontFamily":"Noto Sans JP","fontSize":22,"fontStyle":"Bold","textAlign":"left","lineHeight":38.5,"fill":{"type":"color","rgba":"rgba(0, 0, 0, 255)","hex":"#000000"}},"id":"7dc1f55d-9af8-4f92-9af3-fb4f350e7ef4","transform":{"a":1,"b":0,"c":0,"d":1,"e":147.938232421875,"f":311.665771484375},"text":"業務内容","children":[]},{"name":"SERVICES","type":"text","bounds":{"width":329,"height":100,"x":3450.77197265625,"y":187.444580078125},"style":{"fontFamily":"Noto Sans JP","fontSize":69.26571655273438,"fontStyle":"Bold","textAlign":"left","lineHeight":83.11886596679688,"fill":{"type":"color","rgba":"rgba(0, 56, 148, 255)","hex":"#003894"}},"id":"7d2fe7f8-9fee-4163-ad76-6fdada267121","transform":{"a":1,"b":0,"c":0,"d":1,"e":146.644287109375,"f":267.444580078125},"text":"SERVICES","children":[]}]}]}]}]}