{"artboards":[{"name":"グループ 620","type":"group","bounds":{"width":375.1279296875,"height":584.2057495117188,"x":4814,"y":23},"style":{},"id":"fafbf78c-a48e-4126-94c1-05fe43c05206","transform":{"a":1,"b":0,"c":0,"d":1,"e":0,"f":0},"children":[{"name":"グループ 619","type":"group","bounds":{"width":375,"height":251,"x":4814,"y":23},"style":{},"id":"0a11b8a6-f0f4-41f2-b7b8-fae937868553","transform":{"a":1,"b":0,"c":0,"d":1,"e":0,"f":0},"children":[{"name":"長方形 200","type":"rectangle","bounds":{"width":375,"height":251,"x":4814,"y":23},"style":{"fill":{"type":"color","rgba":"rgba(255, 255, 255, 255)","hex":"#FFFFFF"}},"id":"9616a706-bac9-45d7-98d9-88da3a461400","transform":{"a":1,"b":0,"c":0,"d":1,"e":-0.1279296875,"f":0.344482421875},"children":[]},{"name":"グループ 618","type":"group","bounds":{"width":176,"height":86.57040405273438,"x":4847.5419921875,"y":157.1470184326172},"style":{},"id":"0f441fb4-729d-414e-a500-2e809023250b","transform":{"a":1,"b":0,"c":0,"d":1,"e":0,"f":0},"children":[{"name":"業務内容","type":"text","bounds":{"width":80,"height":29,"x":4848.8359375,"y":214.71742248535156},"style":{"fontFamily":"Noto Sans JP","fontSize":20,"fontStyle":"Bold","textAlign":"left","lineHeight":35,"fill":{"type":"color","rgba":"rgba(0, 0, 0, 255)","hex":"#000000"}},"id":"0f7c570b-38ff-4fcd-b317-adf1971910fc","transform":{"a":1,"b":0,"c":0,"d":1,"e":34.7080078125,"f":215.06190490722656},"text":"業務内容","children":[]},{"name":"SERVICES","type":"text","bounds":{"width":176,"height":54,"x":4847.5419921875,"y":157.1470184326172},"style":{"fontFamily":"Noto Sans JP","fontSize":37,"fontStyle":"Bold","textAlign":"left","lineHeight":44.400001525878906,"fill":{"type":"color","rgba":"rgba(0, 56, 148, 255)","hex":"#003894"}},"id":"c21a3737-9c95-42ac-b39a-d9c01fdc6601","transform":{"a":1,"b":0,"c":0,"d":1,"e":33.4140625,"f":177.4915008544922},"text":"SERVICES","children":[]}]}]},{"name":"グループ 89","type":"group","bounds":{"width":375,"height":333.7829284667969,"x":4814.1279296875,"y":273.4228210449219},"style":{},"id":"a776b6c0-f42d-4d17-89ac-c701ab05d9e5","transform":{"a":1,"b":0,"c":0,"d":1,"e":-915.81787109375,"f":-2.274669647216797},"children":[{"name":"グループ 88","type":"group","bounds":{"width":375,"height":333.7829284667969,"x":4814.1279296875,"y":273.4228210449219},"style":{},"id":"2f44d081-f3c2-43f9-be29-3636732230c5","transform":{"a":1,"b":0,"c":0,"d":1,"e":0,"f":0},"children":[{"name":"長方形 135","type":"rectangle","bounds":{"width":681.5908203125,"height":454.39385986328125,"x":4765.36376953125,"y":188.9313201904297},"style":{"fill":{"type":"image"}},"id":"cf608819-c1b6-458e-8d16-73af646e216c","transform":{"a":1,"b":0,"c":0,"d":1,"e":867.0538940429688,"f":168.55047607421875},"children":[]},{"name":"長方形 136","type":"rectangle","bounds":{"width":375,"height":333.7828674316406,"x":4814.1279296875,"y":273.4228210449219},"style":{},"id":"8210239e-467d-469d-b06c-75ac9208fdeb","transform":{"a":1,"b":0,"c":0,"d":1,"e":915.8179931640625,"f":253.04197692871094},"children":[]}]}]}]}]}