{"artboards":[{"name":"グループ 561","type":"group","bounds":{"width":1439.9998779296875,"height":1514.467529296875,"x":1580.2349853515625,"y":899.8477172851562},"style":{},"id":"0f8c8cf0-421b-49c6-b4ce-fd48789a1a45","transform":{"a":1,"b":0,"c":0,"d":1,"e":0,"f":0},"children":[{"name":"top-slogan-bg","type":"group","bounds":{"width":1439.9998779296875,"height":1514.467529296875,"x":1580.2349853515625,"y":899.8477172851562},"style":{},"id":"0394af80-9f7e-4af7-b833-924e2dc15ec8","transform":{"a":1,"b":0,"c":0,"d":1,"e":-1580.2349853515625,"f":0},"children":[{"name":"グループ 90","type":"group","bounds":{"width":1439.9998779296875,"height":1514.467529296875,"x":1580.2349853515625,"y":899.8477172851562},"style":{},"id":"c3adfb39-ec11-4b73-a8d7-a4fb9c2493eb","transform":{"a":1,"b":0,"c":0,"d":1,"e":0,"f":0},"children":[{"name":"長方形 148","type":"rectangle","bounds":{"width":2311.915771484375,"height":1541.2772216796875,"x":1381.907470703125,"y":878.7911376953125},"style":{"opacity":0.20000000298023224,"fill":{"type":"image"}},"id":"abf8b7ab-1573-48f5-bb01-e16b84d4acce","transform":{"a":1,"b":0,"c":0,"d":1,"e":1381.907470703125,"f":878.7911376953125},"children":[]},{"name":"長方形 149","type":"rectangle","bounds":{"width":1439.9998779296875,"height":1514.467529296875,"x":1580.2349853515625,"y":899.8477172851562},"style":{},"id":"6f1e2fd1-d527-4ca0-b7a0-319be43e9e16","transform":{"a":1,"b":0,"c":0,"d":1,"e":1580.2349853515625,"f":899.8477172851562},"children":[]}]}]},{"name":"グループ 560","type":"group","bounds":{"width":1199.14306640625,"height":1143.857421875,"x":1700.001953125,"y":1075.19873046875},"style":{},"id":"5bca4469-7a72-4414-ad43-dc4ab701560c","transform":{"a":1,"b":0,"c":0,"d":1,"e":0,"f":0},"children":[{"name":"グループ 559","type":"group","bounds":{"width":890.6815185546875,"height":715.8162841796875,"x":1854.8941650390625,"y":1075.19873046875},"style":{},"id":"34770e27-dab3-486b-8caf-9a024fa03ace","transform":{"a":1,"b":0,"c":0,"d":1,"e":0,"f":0},"children":[{"name":"「職人の技術と最新設備の融合」","type":"text","bounds":{"width":540,"height":52,"x":2007.55224609375,"y":1269.66845703125},"style":{"fontFamily":"Noto Sans JP","fontSize":36,"fontStyle":"Bold","textAlign":"center","lineHeight":63,"fill":{"type":"color","rgba":"rgba(0, 0, 0, 255)","hex":"#000000"}},"id":"0e105e25-6a28-4bbf-ae8f-6625653bcd7c","transform":{"a":1,"b":0,"c":0,"d":1,"e":697.3172607421875,"f":1311.66845703125},"text":"「職人の技術と最新設備の融合」","children":[]},{"name":"グループ 558","type":"group","bounds":{"width":618,"height":128.90966796875,"x":1968.55224609375,"y":1075.19873046875},"style":{},"id":"e61f8a97-f97c-4e8d-a781-aa5d6ad585f8","transform":{"a":1,"b":0,"c":0,"d":1,"e":0,"f":0},"children":[{"name":" 板岡工作所のスローガン","type":"text","bounds":{"width":618,"height":80,"x":1968.55224609375,"y":1075.19873046875},"style":{"fontFamily":"Noto Sans JP","fontSize":55,"fontStyle":"Bold","textAlign":"center","lineHeight":96.25,"fill":{"type":"color","rgba":"rgba(0, 56, 148, 255)","hex":"#003894"}},"id":"08b4f201-d440-4d74-8654-440151611b92","transform":{"a":1,"b":0,"c":0,"d":1,"e":697.3172607421875,"f":1139.19873046875},"text":" 板岡工作所のスローガン","children":[]},{"name":"SLOGAN","type":"text","bounds":{"width":136,"height":52,"x":2209.552734375,"y":1152.1083984375},"style":{"fontFamily":"Noto Sans JP","fontSize":36,"fontStyle":"Light","textAlign":"center","lineHeight":43.20000076293945,"fill":{"type":"color","rgba":"rgba(0, 0, 0, 255)","hex":"#000000"}},"id":"56d3a7d6-755a-492a-aa2a-59a95b8e4e4f","transform":{"a":1,"b":0,"c":0,"d":1,"e":697.3177490234375,"f":1194.1083984375},"text":"SLOGAN","children":[]}]},{"name":"受け継がれる職人の技。進化を続ける最新設備。\nその融合が、常識を超える品質を生み出します。\n\n一つひとつの工程に宿る熟練の技術と、精度を極限まで高めるテクノロジー。\nその両輪が支え合うことで、私たちは常に安定した高品質と、\n時代のニーズに応える柔軟なものづくりを実現してきました。\n\n私たちは、人の手だからこそ生まれる繊細さと、機械だからこそ実現できる正確さ、\nそのどちらも欠かすことなく追求し続けています。\n目に見える品質だけでなく、その先にある安心や信頼までも提供すること。\nそれが、私たちの使命です。\n\n人","type":"text","bounds":{"width":890.6815185546875,"height":439.8016357421875,"x":1854.8941650390625,"y":1351.21337890625},"style":{"fontFamily":"Noto Sans JP","fontSize":16,"fontStyle":"Medium","textAlign":"center","lineHeight":29,"fill":{"type":"color","rgba":"rgba(0, 0, 0, 255)","hex":"#000000"}},"id":"4a494a09-89b7-4e7b-9c36-44f6cfc86e4d","transform":{"a":1,"b":0,"c":0,"d":1,"e":274.6591796875,"f":1351.21337890625},"text":"受け継がれる職人の技。進化を続ける最新設備。\nその融合が、常識を超える品質を生み出します。\n\n一つひとつの工程に宿る熟練の技術と、精度を極限まで高めるテクノロジー。\nその両輪が支え合うことで、私たちは常に安定した高品質と、\n時代のニーズに応える柔軟なものづくりを実現してきました。\n\n私たちは、人の手だからこそ生まれる繊細さと、機械だからこそ実現できる正確さ、\nそのどちらも欠かすことなく追求し続けています。\n目に見える品質だけでなく、その先にある安心や信頼までも提供すること。\nそれが、私たちの使命です。\n\n人と技術の可能性を最大限に引き出し、新たな価値を創造し続ける。\nこれからも私たちは、伝統と革新を融合させながら、\n次の時代へとつながるものづくりに挑戦し続けます。","children":[]}]},{"name":"グループ 538","type":"group","bounds":{"width":1199.14306640625,"height":369.12060546875,"x":1700.001953125,"y":1849.935546875},"style":{},"id":"00113fc2-1c59-4ce0-93f9-9e3e2713624d","transform":{"a":1,"b":0,"c":0,"d":1,"e":0,"f":0},"children":[{"name":"top-slogan_01","type":"group","bounds":{"width":383.047607421875,"height":369.12060546875,"x":1700.001953125,"y":1849.935546875},"style":{},"id":"20b49c14-6eeb-4b53-8270-0e39a7cb429c","transform":{"a":1,"b":0,"c":0,"d":1,"e":-1580.2349853515625,"f":0},"children":[{"name":"グループ 92","type":"group","bounds":{"width":383.047607421875,"height":369.12060546875,"x":1700.001953125,"y":1849.935546875},"style":{},"id":"1c06c2c6-e11e-4ba8-94df-25f5ce1d7dbb","transform":{"a":1,"b":0,"c":0,"d":1,"e":0,"f":0},"children":[{"name":"長方形 151","type":"rectangle","bounds":{"width":581.0413818359375,"height":387.5546875,"x":1588.4752197265625,"y":1840.549560546875},"style":{"fill":{"type":"image"}},"id":"c0ea6f76-c1ae-4c1f-9a34-fc40558a5175","transform":{"a":1,"b":0,"c":0,"d":1,"e":1588.4752197265625,"f":1840.549560546875},"children":[]},{"name":"長方形 152","type":"rectangle","bounds":{"width":383.047607421875,"height":369.12060546875,"x":1700.001953125,"y":1849.935546875},"style":{},"id":"7af07450-a881-4ff4-8a1a-d5b18fce4eb4","transform":{"a":1,"b":0,"c":0,"d":1,"e":1700.001953125,"f":1849.935546875},"children":[]}]}]},{"name":"top-slogan_02","type":"group","bounds":{"width":383.047607421875,"height":369.12060546875,"x":2108.049560546875,"y":1849.935546875},"style":{},"id":"9e188ffc-4322-46c2-98f9-a20005cf9a78","transform":{"a":1,"b":0,"c":0,"d":1,"e":-1580.2349853515625,"f":0},"children":[{"name":"グループ 94","type":"group","bounds":{"width":383.047607421875,"height":369.12060546875,"x":2108.049560546875,"y":1849.935546875},"style":{},"id":"3de08c79-c882-4094-8e0a-66f994f53fb0","transform":{"a":1,"b":0,"c":0,"d":1,"e":0,"f":0},"children":[{"name":"長方形 153","type":"rectangle","bounds":{"width":688.4140625,"height":459.172119140625,"x":2001.30615234375,"y":1843.057373046875},"style":{"fill":{"type":"image"}},"id":"01b47900-8c9e-4887-938d-66c0021aba58","transform":{"a":1,"b":0,"c":0,"d":1,"e":2001.30615234375,"f":1843.057373046875},"children":[]},{"name":"長方形 154","type":"rectangle","bounds":{"width":383.047607421875,"height":369.12060546875,"x":2108.049560546875,"y":1849.935546875},"style":{},"id":"a1b4c453-fa2b-48b4-bcf5-b0d753f97580","transform":{"a":1,"b":0,"c":0,"d":1,"e":2108.049560546875,"f":1849.935546875},"children":[]}]}]},{"name":"top-slogan_03","type":"group","bounds":{"width":383.047607421875,"height":369.12060546875,"x":2516.097412109375,"y":1849.935546875},"style":{},"id":"e10907ae-d3ad-4734-8892-c826aa393d54","transform":{"a":1,"b":0,"c":0,"d":1,"e":-1580.2349853515625,"f":0},"children":[{"name":"長方形 179","type":"rectangle","bounds":{"width":796.29736328125,"height":531.13037109375,"x":2180.9716796875,"y":1713.164794921875},"style":{"fill":{"type":"image"}},"id":"f3e4777c-7335-4770-811b-a56b31b39e46","transform":{"a":1,"b":0,"c":0,"d":1,"e":2180.9716796875,"f":1713.164794921875},"children":[]},{"name":"長方形 180","type":"rectangle","bounds":{"width":383.047607421875,"height":369.12060546875,"x":2516.097412109375,"y":1849.935546875},"style":{},"id":"78ce0b68-2f23-457d-81b9-8beeaa9cfe46","transform":{"a":1,"b":0,"c":0,"d":1,