{"artboards":[{"name":"グループ 567","type":"group","bounds":{"width":375,"height":1565,"x":1065,"y":2727},"style":{},"id":"99bebc32-da21-4923-a40f-a7c4ea471945","transform":{"a":1,"b":0,"c":0,"d":1,"e":0,"f":0},"children":[{"name":"グループ 565","type":"group","bounds":{"width":375,"height":1565,"x":1065,"y":2727},"style":{},"id":"3c0e0a88-b971-4eaa-bb3f-08e335b1f53c","transform":{"a":1,"b":0,"c":0,"d":1,"e":0,"f":0},"children":[{"name":"長方形 198","type":"rectangle","bounds":{"width":375,"height":762,"x":1065,"y":3530},"style":{"fill":{"type":"color","rgba":"rgba(255, 255, 255, 255)","hex":"#FFFFFF"},"stroke":{"color":{"type":"color","rgba":"rgba(112, 112, 112, 255)","hex":"#707070"},"width":1}},"id":"ac2f43aa-b28b-44c1-a79f-0ce9380c089c","transform":{"a":1,"b":0,"c":0,"d":1,"e":0,"f":1470},"children":[]},{"name":"top-slogan-bg_sp","type":"group","bounds":{"width":375,"height":802.671142578125,"x":1065,"y":2727},"style":{},"id":"00f1a31d-cd01-4a89-93e5-7f4b8b478c4e","transform":{"a":1,"b":0,"c":0,"d":1,"e":-444.93994140625,"f":-2.274658203125},"children":[{"name":"グループ 100","type":"group","bounds":{"width":375,"height":802.671142578125,"x":1065,"y":2727},"style":{},"id":"1d19afed-9c4c-4442-a503-fba2a6495a36","transform":{"a":1,"b":0,"c":0,"d":1,"e":0,"f":0},"children":[{"name":"長方形 148","type":"rectangle","bounds":{"width":1208.774658203125,"height":805.849853515625,"x":725.1897583007812,"y":2723.8212890625},"style":{"opacity":0.20000000298023224,"fill":{"type":"image"}},"id":"8ddb9443-bd9c-43ce-95e5-8bee6b9794b9","transform":{"a":1,"b":0,"c":0,"d":1,"e":105.12969207763672,"f":666.095947265625},"children":[]},{"name":"長方形 149","type":"rectangle","bounds":{"width":375,"height":802.671142578125,"x":1065,"y":2727},"style":{},"id":"de852870-4f49-4f49-a1d5-346a66370998","transform":{"a":1,"b":0,"c":0,"d":1,"e":444.9399108886719,"f":669.274658203125},"children":[]}]}]}]},{"name":"グループ 566","type":"group","bounds":{"width":326,"height":1432.1318359375,"x":1089.50537109375,"y":2781.89892578125},"style":{},"id":"a611f30a-3313-47e2-8f33-b42556ffed7a","transform":{"a":1,"b":0,"c":0,"d":1,"e":0,"f":0},"children":[{"name":"グループ 563","type":"group","bounds":{"width":326,"height":444.78173828125,"x":1089.50537109375,"y":2781.89892578125},"style":{},"id":"bfa640c9-4e20-4d5f-86f0-19879d21b13a","transform":{"a":1,"b":0,"c":0,"d":1,"e":0,"f":0},"children":[{"name":"「職人の技術と最新設備の融合」","type":"text","bounds":{"width":270,"height":26,"x":1117.4832763671875,"y":2869.60107421875},"style":{"fontFamily":"Noto Sans JP","fontSize":18,"fontStyle":"Bold","textAlign":"center","lineHeight":31.5,"fill":{"type":"color","rgba":"rgba(0, 0, 0, 255)","hex":"#000000"}},"id":"e56c2e3c-7173-46cd-826b-85bf6f1418e7","transform":{"a":1,"b":0,"c":0,"d":1,"e":187.4832763671875,"f":830.60107421875},"text":"「職人の技術と最新設備の融合」","children":[]},{"name":"グループ 562","type":"group","bounds":{"width":326,"height":59.65576171875,"x":1089.50537109375,"y":2781.89892578125},"style":{},"id":"b125f883-3a1a-455e-8c0d-8cc4f5745e5a","transform":{"a":1,"b":0,"c":0,"d":1,"e":0,"f":0},"children":[{"name":" 板岡工作所のスローガン","type":"text","bounds":{"width":326,"height":42,"x":1089.50537109375,"y":2781.89892578125},"style":{"fontFamily":"Noto Sans JP","fontSize":29,"fontStyle":"Bold","textAlign":"center","lineHeight":50.75,"fill":{"type":"color","rgba":"rgba(0, 56, 148, 255)","hex":"#003894"}},"id":"994304bd-9de3-41a2-ab08-6666e1862db7","transform":{"a":1,"b":0,"c":0,"d":1,"e":187.50537109375,"f":755.89892578125},"text":" 板岡工作所のスローガン","children":[]},{"name":"SLOGAN","type":"text","bounds":{"width":48,"height":19,"x":1228.505859375,"y":2822.5546875},"style":{"fontFamily":"Noto Sans JP","fontSize":13,"fontStyle":"Light","textAlign":"center","lineHeight":15.600000381469727,"fill":{"type":"color","rgba":"rgba(0, 0, 0, 255)","hex":"#000000"}},"id":"f82be751-a58a-4786-a5ef-28b0cd70eee1","transform":{"a":1,"b":0,"c":0,"d":1,"e":187.505859375,"f":777.5546875},"text":"SLOGAN","children":[]}]},{"name":"受け継がれる職人の技。進化を続ける最新設備。その融合が、常識を超える品質を生み出します。一つひとつの工程に宿る熟練の技術と、精度を極限まで高めるテクノロジー。\nその両輪が支え合うことで、私たちは常に安定した高品質と、時代のニーズに応える柔軟なものづくりを実現してきました。\n私たちは、人の手だからこそ生まれる繊細さと、機械だからこそ実現できる正確さ、そのどちらも欠かすことなく追求し続けています。目に見える品質だけでなく、その先にある安心や信頼までも提供すること。それが、私たちの使命です。\n人と技術の可能性を最","type":"text","bounds":{"width":323.2257080078125,"height":308.482666015625,"x":1091,"y":2918.197998046875},"style":{"fontFamily":"Noto Sans JP","fontSize":12,"fontStyle":"Medium","textAlign":"left","lineHeight":22,"fill":{"type":"color","rgba":"rgba(0, 0, 0, 255)","hex":"#000000"}},"id":"32362d47-9e7d-400b-80c7-9f0bed3ac473","transform":{"a":1,"b":0,"c":0,"d":1,"e":26,"f":858.197998046875},"text":"受け継がれる職人の技。進化を続ける最新設備。その融合が、常識を超える品質を生み出します。一つひとつの工程に宿る熟練の技術と、精度を極限まで高めるテクノロジー。\nその両輪が支え合うことで、私たちは常に安定した高品質と、時代のニーズに応える柔軟なものづくりを実現してきました。\n私たちは、人の手だからこそ生まれる繊細さと、機械だからこそ実現できる正確さ、そのどちらも欠かすことなく追求し続けています。目に見える品質だけでなく、その先にある安心や信頼までも提供すること。それが、私たちの使命です。\n人と技術の可能性を最大限に引き出し、新たな価値を創造し続ける。これからも私たちは、伝統と革新を融合させながら、次の時代へとつながるものづくりに挑戦し続けます。","children":[]}]},{"name":"グループ 564","type":"group","bounds":{"width":315.2257080078125,"height":958.340576171875,"x":1095,"y":3255.690185546875},"style":{},"id":"2738c2ac-fad9-4b7f-9f87-e98ec89dc995","transform":{"a":1,"b":0,"c":0,"d":1,"e":0,"f":0},"children":[{"name":"グループ 118","type":"group","bounds":{"width":315.2257080078125,"height":303.764404296875,"x":1095,"y":3255.690185546875},"style":{},"id":"4bb75baa-93c7-42e6-be10-f19bee870139","transform":{"a":1,"b":0,"c":0,"d":1,"e":-444.93994140625,"f":-2.274658203125},"children":[{"name":"グループ 117","type":"group","bounds":{"width":315.2257080078125,"height":303.764404296875,"x":1095,"y":3255.690185546875},"style":{},"id":"a7414a9c-aaef-4d55-93cd-03cc6774d7cc","transform":{"a":1,"b":0,"c":0,"d":1,"e":0,"f":0},"children":[{"name":"長方形 162","type":"rectangle","bounds":{"width":478.1630859375,"height":318.934814453125,"x":1003.219970703125,"y":3247.966064453125},"style":{"fill":{"type":"image"}},"id":"4a7cad88-bd41-40ec-ad7b-da8f48f77be2","transform":{"a":1,"b":0,"c":0,"d":1,"e":383.1598815917969,"f":1190.24072265625},"children":[]},{"name":"長方形 163","type":"rectangle","bounds":{"width":315.2257080078125,"height":303.764404296875,"x":1095,"y":3255.690185546875},"style":{},"id":"d18cf3e0-5238-4516-93c6-bf0ccf53e6d1","transform":{"a":1,"b":0,"c":0,"d":1,"e":474.9399108886719,"f":1197.96484375},"children":[]}]}]},{"name":"グループ 120","type":"group","bounds":{"width":315.2257080078125,"height":303.764404296875,"x":1095,"y":3582.978271484375},"style":{},"id":"e771a408-6c0e-4c57-b4ce-e2095d6d83f7","transform":{"a":1,"b":0,"c":0,"d":1,"e":-444.93994140625,"f":-2.274658203125},"children":[{"name":"グループ 119","type":"group","bounds":{"width":315.2257080078125,"height":303.764404296875,"x":1095,"y":3582.978271484375},"style":{},"id":"1419abbb-bb96-451d-aa91-f596b2538758","transform":{"a":1,"b":0,"c":0,"d":1,"e":0,"f":0},"children":[{"name":"長方形 164","type":"rectangle","bounds":{"width":566.5243530273438,"height":377.87158203125,"x":1007.1563110351562,"y":3577.31787109375},"style":{"fill":{"type":"image"}},"id":"bc8a2062-8c52-4b70-a14f-6ce74cc60244","transform":{"a":1,"b":0,"c":0,"d":1,"e":387.09625244140625,"f":1519.5926513671875},"children":[]},{"name":"長方形 165","type":"rectangle","bounds":{"width":315.2257080078125,"height":303.764404296875,"x":1095,"y":3582.978271484375},"style":{},"id":"581e305f-5d41-41d2-b6f8-5d0c34de33ab","transform":{"a":1,"b":0,"c":0,"d":1,"e":474.9399108886719,"f":1525.2529296875},"children":[]}]}]},{"name":"グループ 122","type":"group","bounds":{"width":315.2257080078125,"height":303.764404296875,"x":1095,"y":3910.266357421875},"style":{},"id":"7acde62b-4723-4c94-a478-edcd83f221c2","transform":{"a":1,"b":0,"c":0,"d":1,"e":-444.93994140625,"f":-2.274658203125},"children":[{"name":"グループ 121","type":"group","bounds":{"width":315.2257080078125,"height":303.764404296875,"x":1095,"y":3910.266357421875},"style":{},"id":"78e70e04-3410-41e8-9e27-5b6e5049dc34","transform":{"a":1,"b":0,"c":0,"d":1,"e":0,"f":0},