{"artboards":[{"name":"グループ 786","type":"group","bounds":{"width":1442.103515625,"height":898,"x":8232,"y":0},"style":{},"id":"28d58be6-62ad-4427-a3f3-4ab549c308fe","transform":{"a":1,"b":0,"c":0,"d":1,"e":0,"f":0},"children":[{"name":"長方形 210","type":"rectangle","bounds":{"width":1442,"height":898,"x":8232,"y":0},"style":{"fill":{"type":"color","rgba":"rgba(255, 255, 255, 255)","hex":"#FFFFFF"}},"id":"f897c6e4-bae7-48ce-812f-82dacd27838c","transform":{"a":1,"b":0,"c":0,"d":1,"e":-0.1376953125,"f":0},"children":[]},{"name":"グループ 785","type":"group","bounds":{"width":1440,"height":710.33154296875,"x":8234.103515625,"y":187.444580078125},"style":{},"id":"3861c3d3-0b54-4d2f-a6d4-45c7e04e2170","transform":{"a":1,"b":0,"c":0,"d":1,"e":0,"f":0},"children":[{"name":"recruitment-mv","type":"group","bounds":{"width":1440,"height":546.3416748046875,"x":8234.103515625,"y":351.4344787597656},"style":{},"id":"996efb3b-6b16-4930-bb8f-ac552a33fe06","transform":{"a":1,"b":0,"c":0,"d":1,"e":-8232.1376953125,"f":0},"children":[{"name":"グループ 1","type":"group","bounds":{"width":1440,"height":546.3416748046875,"x":8234.103515625,"y":351.4344787597656},"style":{},"id":"545a16b2-3046-41fb-981f-2b3637b75ac4","transform":{"a":1,"b":0,"c":0,"d":1,"e":0,"f":0},"children":[{"name":"長方形 4","type":"rectangle","bounds":{"width":1547.36572265625,"height":1031.5772705078125,"x":8135.84521484375,"y":151.66348266601562},"style":{"fill":{"type":"image"}},"id":"f5d7af23-24a2-4ddc-8595-c51ef6aa3cd1","transform":{"a":1,"b":0,"c":0,"d":1,"e":8135.84521484375,"f":151.66348266601562},"children":[]},{"name":"長方形 5","type":"rectangle","bounds":{"width":1440,"height":546.3416748046875,"x":8234.103515625,"y":351.4344787597656},"style":{},"id":"0d70835a-c7ab-4a19-91bc-2aa81c718f05","transform":{"a":1,"b":0,"c":0,"d":1,"e":8234.103515625,"f":351.4344787597656},"children":[]}]}]},{"name":"グループ 784","type":"group","bounds":{"width":497,"height":130.22119140625,"x":8378.2548828125,"y":187.444580078125},"style":{},"id":"9ce5caad-ee24-4151-9fb8-ef5df0034e4a","transform":{"a":1,"b":0,"c":0,"d":1,"e":0,"f":0},"children":[{"name":"採用情報","type":"text","bounds":{"width":88,"height":32,"x":8379.548828125,"y":285.665771484375},"style":{"fontFamily":"Noto Sans JP","fontSize":22,"fontStyle":"Bold","textAlign":"left","lineHeight":38.5,"fill":{"type":"color","rgba":"rgba(0, 0, 0, 255)","hex":"#000000"}},"id":"76adfcd8-9196-4517-b645-0c3af1fc1fb5","transform":{"a":1,"b":0,"c":0,"d":1,"e":147.4111328125,"f":311.665771484375},"text":"採用情報","children":[]},{"name":"RECRUITMENT","type":"text","bounds":{"width":497,"height":100,"x":8378.2548828125,"y":187.444580078125},"style":{"fontFamily":"Noto Sans JP","fontSize":69.26571655273438,"fontStyle":"Bold","textAlign":"left","lineHeight":83.11886596679688,"fill":{"type":"color","rgba":"rgba(0, 56, 148, 255)","hex":"#003894"}},"id":"d6b17a60-eae8-41be-b992-bed5ec560b8e","transform":{"a":1,"b":0,"c":0,"d":1,"e":146.1171875,"f":267.444580078125},"text":"RECRUITMENT","children":[]}]}]}]}]}