{"artboards":[{"name":"グループ 28","type":"group","bounds":{"width":375,"height":331.516357421875,"x":1567.090087890625,"y":318.95904541015625},"style":{},"id":"60f42231-97eb-4a15-8ef6-be4b98a07341","transform":{"a":1,"b":0,"c":0,"d":1,"e":0,"f":0},"children":[{"name":"長方形 2","type":"rectangle","bounds":{"width":375,"height":331.516357421875,"x":1567.090087890625,"y":318.95904541015625},"style":{"fill":{"type":"color","rgba":"rgba(51, 51, 51, 255)","hex":"#333333"}},"id":"dd8a64c0-da27-4864-911a-8ced1cb3b711","transform":{"a":1,"b":0,"c":0,"d":1,"e":1567.090087890625,"f":318.95904541015625},"children":[]},{"name":"グループ 27","type":"group","bounds":{"width":321,"height":263.8803405761719,"x":1595.587158203125,"y":368.1213684082031},"style":{},"id":"6548a9dc-47fc-4548-aaa8-5d97ef1f8167","transform":{"a":1,"b":0,"c":0,"d":1,"e":0,"f":0},"children":[{"name":"線 1","type":"line","bounds":{"width":315.2489013671875,"height":0,"x":1596.948974609375,"y":582.21533203125},"style":{"stroke":{"color":{"type":"color","rgba":"rgba(255, 255, 255, 255)","hex":"#FFFFFF"},"width":0.30000001192092896}},"id":"397fbb61-494d-48bf-930d-f19d74bbaae4","transform":{"a":1,"b":0,"c":0,"d":1,"e":1596.948974609375,"f":582.21533203125},"children":[]},{"name":"グループ 26","type":"group","bounds":{"width":314.345458984375,"height":33.95697021484375,"x":1596.822509765625,"y":598.0447387695312},"style":{},"id":"a24f8603-d24e-4da6-afea-4ead94d73e82","transform":{"a":1,"b":0,"c":0,"d":1,"e":0,"f":0},"children":[{"name":"グループ 25","type":"group","bounds":{"width":202,"height":32.364501953125,"x":1596.822509765625,"y":598.0447387695312},"style":{},"id":"af558881-376c-4a12-975f-8c701fb519c7","transform":{"a":1,"b":0,"c":0,"d":1,"e":0,"f":0},"children":[{"name":"プライバシーポリシー","type":"text","bounds":{"width":78,"height":14,"x":1597.583740234375,"y":598.0447387695312},"style":{"fontFamily":"NotoSansJP-Regular-90ms-RKSJ-H","fontSize":10,"textAlign":"left","lineHeight":20.657119750976562,"letterSpacing":40,"fill":{"type":"color","rgba":"rgba(255, 255, 255, 255)","hex":"#FFFFFF"}},"id":"33c1f4cc-35f3-4dcd-8fab-7a34251e8d6c","transform":{"a":1,"b":0,"c":0,"d":1,"e":1597.583740234375,"f":609.0447387695312},"text":"プライバシーポリシー","children":[]},{"name":"Copyright © ITAOKA KOSAKUSHO CO., LTD.","type":"text","bounds":{"width":202,"height":15,"x":1596.822509765625,"y":615.4092407226562},"style":{"fontFamily":"NotoSansJP-Thin","fontSize":10,"textAlign":"left","lineHeight":12,"letterSpacing":40,"fill":{"type":"color","rgba":"rgba(255, 255, 255, 255)","hex":"#FFFFFF"}},"id":"b61055db-74b2-43d4-8014-744273a274ef","transform":{"a":1,"b":0,"c":0,"d":1,"e":1596.822509765625,"f":627.4092407226562},"text":"Copyright © ITAOKA KOSAKUSHO CO., LTD.","children":[]}]},{"name":"グループ 1","type":"group","bounds":{"width":22.578369140625,"height":22.57843017578125,"x":1888.589599609375,"y":609.4232788085938},"style":{},"id":"5c862f90-f933-4700-b45a-9e295aa4780c","transform":{"a":1,"b":0,"c":0,"d":1,"e":0,"f":0},"children":[{"name":"長方形 6","type":"rectangle","bounds":{"width":22.578369140625,"height":22.57843017578125,"x":1888.589599609375,"y":609.4232788085938},"style":{"fill":{"type":"color","rgba":"rgba(255, 255, 255, 255)","hex":"#FFFFFF"}},"id":"840441bd-724c-4b31-bfec-6942ba4b7537","transform":{"a":1,"b":0,"c":0,"d":1,"e":1888.589599609375,"f":609.4232788085938},"children":[]},{"name":"パス 4","type":"path","bounds":{"width":10.8392333984375,"height":8.58343505859375,"x":1894.459228515625,"y":616.4207763671875},"style":{"fill":{"type":"color","rgba":"rgba(51, 51, 51, 255)","hex":"#333333"}},"id":"fbec4767-35cc-429e-be69-77626c07c93d","transform":{"a":1,"b":0,"c":0,"d":1,"e":0,"f":0},"children":[]}]}]},{"name":"グループ 2","type":"group","bounds":{"width":221.4376220703125,"height":48.20086669921875,"x":1644.0023193359375,"y":448.8424377441406},"style":{},"id":"dd8c8ea3-2777-42ea-8b97-227eb8192031","transform":{"a":1,"b":0,"c":0,"d":1,"e":0,"f":0},"children":[{"name":"グループ 23","type":"group","bounds":{"width":221.4376220703125,"height":48.20086669921875,"x":1644.0023193359375,"y":448.8424377441406},"style":{},"id":"5a61880e-9622-4c5a-abab-c79c57d11dba","transform":{"a":1,"b":0,"c":0,"d":1,"e":0,"f":0},"children":[{"name":"グループ 8","type":"group","bounds":{"width":221.4376220703125,"height":48.20086669921875,"x":1644.0023193359375,"y":448.8424377441406},"style":{},"id":"d9204d1f-4be8-4c30-8b0b-1e928836e1c4","transform":{"a":1,"b":0,"c":0,"d":1,"e":0,"f":0},"children":[{"name":"長方形 7","type":"rectangle","bounds":{"width":221.4376220703125,"height":48.20086669921875,"x":1644.0023193359375,"y":448.8424377441406},"style":{"fill":{"type":"color","rgba":"rgba(255, 255, 255, 255)","hex":"#FFFFFF"},"stroke":{"color":{"type":"color","rgba":"rgba(255, 255, 255, 255)","hex":"#FFFFFF"},"width":1.2050212621688843},"cornerRadii":{"topLeft":23.83620262145996,"topRight":23.83620262145996,"bottomRight":23.83620262145996,"bottomLeft":23.83620262145996}},"id":"eee2e1e0-0136-4e5f-a03d-dc4e089c617f","transform":{"a":1,"b":0,"c":0,"d":1,"e":1644.0023193359375,"f":448.8424377441406},"children":[]}]},{"name":"グループ 22","type":"group","bounds":{"width":157.512451171875,"height":20,"x":1689.391357421875,"y":463.6450500488281},"style":{},"id":"cbd9d595-6aaf-4fc2-8510-75f43f3dc093","transform":{"a":1,"b":0,"c":0,"d":1,"e":0,"f":0},"children":[{"name":"お問い合わせフォーム","type":"text","bounds":{"width":120,"height":20,"x":1689.391357421875,"y":463.6450500488281},"style":{"fontFamily":"NotoSansJP-Bold-90ms-RKSJ-H","fontSize":14.719449996948242,"textAlign":"center","lineHeight":25.759037017822266,"fill":{"type":"color","rgba":"rgba(0, 56, 148, 255)","hex":"#003894"}},"id":"bc090e92-b002-4dc3-a224-e80ad678f603","transform":{"a":1,"b":0,"c":0,"d":1,"e":1749.391357421875,"f":479.6450500488281},"text":"お問い合わせフォーム","children":[]},{"name":"グループ 9","type":"group","bounds":{"width":15.7340087890625,"height":15.7340087890625,"x":1831.1697998046875,"y":466.5413818359375},"style":{},"id":"65a27dfa-19fa-45f5-91d1-47fa43e08db4","transform":{"a":1,"b":0,"c":0,"d":1,"e":0,"f":0},"children":[{"name":"長方形 8","type":"rectangle","bounds":{"width":15.7340087890625,"height":15.7340087890625,"x":1831.1697998046875,"y":466.5413818359375},"style":{"stroke":{"color":{"type":"color","rgba":"rgba(0, 85, 153, 255)","hex":"#005599"},"width":0.31272849440574646}},"id":"d8f3f88c-98ac-4a56-969d-7cced3d88f8f","transform":{"a":1,"b":0,"c":0,"d":1,"e":1831.1697998046875,"f":466.5413818359375},"children":[]},{"name":"パス 5","type":"path","bounds":{"width":4.2039794921875,"height":6.137115478515625,"x":1837.827392578125,"y":471.3414611816406},"style":{"fill":{"type":"color","rgba":"rgba(0, 56, 148, 255)","hex":"#003894"}},"id":"011954a7-1150-4455-8267-ded8463df581","transform":{"a":1,"b":0,"c":0,"d":1,"e":0,"f":0},"children":[]}]}]}]}]},{"name":"グループ 24","type":"group","bounds":{"width":283,"height":53.7001953125,"x":1625.55517578125,"y":368.1213684082031},"style":{},"id":"56d18375-2987-4f6d-8030-9d268456ea79","transform":{"a":1,"b":0,"c":0,"d":1,"e":0,"f":0},"children":[{"name":"有限会社 板岡工作所","type":"text","bounds":{"width":283,"height":41,"x":1625.55517578125,"y":368.1213684082031},"style":{"fontFamily":"Reisho101Std-Medium","fontSize":30.549720764160156,"textAlign":"left","lineHeight":53.462013244628906,"fill":{"type":"color","rgba":"rgba(255, 255, 255, 255)","hex":"#FFFFFF"}},"id":"3023e775-6ad4-4e60-b41f-2f5ef421f7bf","transform":{"a":1,"b":0,"c":0,"d":1,"e":1625.55517578125,"f":401.1213684082031},"text":"有限会社 板岡工作所","children":[]},{"name":"ITAOKA MANUFACTURING","type":"text","bounds":{"width":144,"height":15,"x":1685.615478515625,"y":406.8215637207031},"style":{"fontFamily":"NotoSansJP-Medium","fontSize":10.269450187683105,"textAlign":"center","lineHeight":12.32334041595459,"letterSpacing":100,"fill":{"type":"color","rgba":"rgba(255, 255, 255, 255)","hex":"#FFFFFF"}},"id":"9092c996-2b3d-4c57-aa3c-e1ddb170f100","transform":{"a":1,"b":0,"c":0,"d":1,"e":1757.615478515625,"f":418.8215637207031},