{"artboards":[{"name":"グループ 869","type":"group","bounds":{"width":375,"height":449,"x":7762,"y":998},"style":{},"id":"6325db44-eef3-4455-9482-e62774e67262","transform":{"a":1,"b":0,"c":0,"d":1,"e":0,"f":0},"children":[{"name":"長方形 214","type":"rectangle","bounds":{"width":375,"height":449,"x":7762,"y":998},"style":{"fill":{"type":"color","rgba":"rgba(255, 255, 255, 255)","hex":"#FFFFFF"}},"id":"769895eb-5379-466e-a863-756bc8e11433","transform":{"a":1,"b":0,"c":0,"d":1,"e":-0.1376953125,"f":1062},"children":[]},{"name":"グループ 868","type":"group","bounds":{"width":315.35791015625,"height":348.3499755859375,"x":7792.5830078125,"y":1057.8206787109375},"style":{},"id":"720b0094-bfbd-45b4-a1b5-dd00d7bf4015","transform":{"a":1,"b":0,"c":0,"d":1,"e":0,"f":0},"children":[{"name":"よくある質問","type":"text","bounds":{"width":108,"height":26,"x":7792.5830078125,"y":1057.8206787109375},"style":{"fontFamily":"Noto Sans JP","fontSize":18,"fontStyle":"Bold","textAlign":"left","lineHeight":31.5,"fill":{"type":"color","rgba":"rgba(0, 56, 148, 255)","hex":"#003894"}},"id":"1c6b4a21-6352-4e8c-80d4-db409563bde9","transform":{"a":1,"b":0,"c":0,"d":1,"e":30.4453125,"f":1142.8206787109375},"text":"よくある質問","children":[]},{"name":"グループ 867","type":"group","bounds":{"width":313.84326171875,"height":300.46484375,"x":7794.09765625,"y":1105.705810546875},"style":{},"id":"76c15450-efd7-4c86-b1db-0c6f6f8cdb1e","transform":{"a":1,"b":0,"c":0,"d":1,"e":0,"f":0},"children":[{"name":"グループ 854","type":"group","bounds":{"width":313.84326171875,"height":81.614990234375,"x":7794.09765625,"y":1105.705810546875},"style":{},"id":"9896fe44-ec31-422a-8435-003d78f600c7","transform":{"a":1,"b":0,"c":0,"d":1,"e":0,"f":0},"children":[{"name":"線 13","type":"line","bounds":{"width":313.12158203125,"height":0,"x":7794.8193359375,"y":1187.32080078125},"style":{"stroke":{"color":{"type":"color","rgba":"rgba(0, 0, 0, 255)","hex":"#000000"},"width":0.6477498412132263}},"id":"7065e145-2753-47fa-96c6-b8ccdebb319c","transform":{"a":1,"b":0,"c":0,"d":1,"e":32.681640625,"f":1251.32080078125},"children":[]},{"name":"グループ 853","type":"group","bounds":{"width":298.24169921875,"height":51.548095703125,"x":7794.09765625,"y":1105.705810546875},"style":{},"id":"bba83196-6e52-4d47-8076-41f9ffa9bf43","transform":{"a":1,"b":0,"c":0,"d":1,"e":0,"f":0},"children":[{"name":"グループ 850","type":"group","bounds":{"width":182.24169921875,"height":22.5335693359375,"x":7794.09765625,"y":1105.705810546875},"style":{},"id":"048dacae-92d5-4984-ade3-0091ff972108","transform":{"a":1,"b":0,"c":0,"d":1,"e":0,"f":0},"children":[{"name":"グループ 849","type":"group","bounds":{"width":21.732421875,"height":22.5335693359375,"x":7794.09765625,"y":1105.705810546875},"style":{},"id":"4c00753d-9637-4f5e-9db0-cc0795880c4c","transform":{"a":1,"b":0,"c":0,"d":1,"e":0,"f":0},"children":[{"name":"長方形 12","type":"rectangle","bounds":{"width":21.732421875,"height":21.7325439453125,"x":7794.09765625,"y":1106.5068359375},"style":{"fill":{"type":"color","rgba":"rgba(0, 0, 0, 255)","hex":"#000000"}},"id":"b22679e9-366f-4300-9c96-c2fe028e6d63","transform":{"a":1,"b":0,"c":0,"d":1,"e":31.9599609375,"f":1170.5068359375},"children":[]},{"name":"Q","type":"text","bounds":{"width":12,"height":21,"x":7798.95849609375,"y":1105.705810546875},"style":{"fontFamily":"NotoSansJP-Medium","fontSize":15,"textAlign":"center","lineHeight":18,"fill":{"type":"color","rgba":"rgba(255, 255, 255, 255)","hex":"#FFFFFF"}},"id":"c538b5fe-ab7a-4241-8e68-f7eaba974d7f","transform":{"a":1,"b":0,"c":0,"d":1,"e":42.82080078125,"f":1186.705810546875},"text":"Q","children":[]}]},{"name":"仕事内容を教えてください","type":"text","bounds":{"width":143,"height":17,"x":7833.33935546875,"y":1108.231201171875},"style":{"fontFamily":"Noto Sans JP","fontSize":12,"fontStyle":"Bold","textAlign":"left","lineHeight":14.40000057220459,"fill":{"type":"color","rgba":"rgba(0, 0, 0, 255)","hex":"#000000"}},"id":"c9a32797-ef04-45f8-8d65-bcd9927cb0ac","transform":{"a":1,"b":0,"c":0,"d":1,"e":71.20166015625,"f":1186.231201171875},"text":"仕事内容を教えてください","children":[]}]},{"name":"グループ 852","type":"group","bounds":{"width":298.24169921875,"height":24.108642578125,"x":7794.09765625,"y":1133.145263671875},"style":{},"id":"7d284279-9ee6-44ea-ae03-f8d9127915f4","transform":{"a":1,"b":0,"c":0,"d":1,"e":0,"f":0},"children":[{"name":"グループ 851","type":"group","bounds":{"width":21.732421875,"height":22.534423828125,"x":7794.09765625,"y":1134.719482421875},"style":{},"id":"06608def-89f2-4587-82de-adc8e8e8634f","transform":{"a":1,"b":0,"c":0,"d":1,"e":0,"f":0},"children":[{"name":"長方形 13","type":"rectangle","bounds":{"width":21.732421875,"height":21.7325439453125,"x":7794.09765625,"y":1135.5213623046875},"style":{"fill":{"type":"color","rgba":"rgba(0, 56, 148, 255)","hex":"#003894"}},"id":"909424c5-e595-453d-af29-b840c98ff12d","transform":{"a":1,"b":0,"c":0,"d":1,"e":31.9599609375,"f":1199.5213623046875},"children":[]},{"name":"A","type":"text","bounds":{"width":10,"height":21,"x":7799.95849609375,"y":1134.719482421875},"style":{"fontFamily":"NotoSansJP-Medium","fontSize":15,"textAlign":"center","lineHeight":18,"fill":{"type":"color","rgba":"rgba(255, 255, 255, 255)","hex":"#FFFFFF"}},"id":"9afbd704-1562-427a-b152-0b3f0dba8b26","transform":{"a":1,"b":0,"c":0,"d":1,"e":42.82080078125,"f":1215.719482421875},"text":"A","children":[]}]},{"name":"工作機械を使用し様々な部品を加工していくお仕事です。","type":"text","bounds":{"width":259,"height":15,"x":7833.33935546875,"y":1133.145263671875},"style":{"fontFamily":"Noto Sans JP","fontSize":10,"fontStyle":"Medium","textAlign":"left","lineHeight":15.545999526977539,"fill":{"type":"color","rgba":"rgba(0, 0, 0, 255)","hex":"#000000"}},"id":"af4315e2-c6a5-44ae-8de4-9cb26aaba867","transform":{"a":1,"b":0,"c":0,"d":1,"e":71.20166015625,"f":1209.145263671875},"text":"工作機械を使用し様々な部品を加工していくお仕事です。","children":[]}]}]}]},{"name":"グループ 860","type":"group","bounds":{"width":313.84326171875,"height":80.7528076171875,"x":7794.09765625,"y":1215.992919921875},"style":{},"id":"23deee0b-64b9-4f16-a934-1f4af45e051d","transform":{"a":1,"b":0,"c":0,"d":1,"e":0,"f":0},"children":[{"name":"グループ 859","type":"group","bounds":{"width":309.24169921875,"height":58.435546875,"x":7794.09765625,"y":1215.992919921875},"style":{},"id":"8f906b32-f921-4398-94ef-8b938d3195a2","transform":{"a":1,"b":0,"c":0,"d":1,"e":0,"f":0},"children":[{"name":"グループ 856","type":"group","bounds":{"width":207.24169921875,"height":22.532958984375,"x":7794.09765625,"y":1215.992919921875},"style":{},"id":"a1b74f04-c4b3-4fe1-9a61-5ad461e910ac","transform":{"a":1,"b":0,"c":0,"d":1,"e":0,"f":0},"children":[{"name":"グループ 855","type":"group","bounds":{"width":21.732421875,"height":22.532958984375,"x":7794.09765625,"y":1215.992919921875},"style":{},"id":"ca13cae9-6a0c-4b1b-b613-aaf42c7d4747","transform":{"a":1,"b":0,"c":0,"d":1,"e":0,"f":0},"children":[{"name":"長方形 16","type":"rectangle","bounds":{"width":21.732421875,"height":21.7325439453125,"x":7794.09765625,"y":1216.7933349609375},"style":{"fill":{"type":"color","rgba":"rgba(0, 0, 0, 255)","hex":"#000000"}},"id":"31f4b2e6-021a-443a-8e4c-2afaee64e113","transform":{"a":1,"b":0,"c":0,"d":1,"e":31.9599609375,"f":1280.7933349609375},"children":[]},{"name":"Q","type":"text","bounds":{"width":12,"height":21,"x":7798.95849609375,"y":1215.992919921875},"style":{"fontFamily":"NotoSansJP-Medium","fontSize":15,"textAlign":"center","lineHeight":18,"fill":{"type":"color","rgba":"rgba(255, 255, 255, 255)","hex":"#FFFFFF"}},"id":"b83969a7-ffa7-4a9c-966a-69b11dfca2b4","transform":{"a":1,"b":0,"c":0,"d":1,"e":42.82080078125,"f":1296.992919921875},"text":"Q","children":[]}]},{"name":"未経験でも大丈夫でしょうか？","type":"text","bounds":{"width":168,"height":17,"x":7833.33935546875,"y":1218.520263671875},"style":{"fontFamily":"Noto Sans JP","fontSize":12,"fontStyle":"Bold","textAlign":"left","lineHeight":14.40000057220459,"fill":{"type":"color","rgba":"rgba(0, 0, 0, 255)","hex":"#000000"}},"id":"7fda01cd-4af9-4410-ac63-bfcee0df432e","transform":{"a":1,"b":0,"c":0,"d":1,