{"artboards":[{"name":"グループ 845","type":"group","bounds":{"width":1440,"height":830,"x":8232,"y":1895},"style":{},"id":"91545f73-86c6-492d-b9c5-c5a804354ffe","transform":{"a":1,"b":0,"c":0,"d":1,"e":0,"f":0},"children":[{"name":"長方形 212","type":"rectangle","bounds":{"width":1440,"height":830,"x":8232,"y":1895},"style":{"fill":{"type":"color","rgba":"rgba(255, 255, 255, 255)","hex":"#FFFFFF"}},"id":"df5d6560-37db-4122-a0f0-6acc3b906cba","transform":{"a":1,"b":0,"c":0,"d":1,"e":-0.1376953125,"f":1895},"children":[]},{"name":"グループ 817","type":"group","bounds":{"width":1001.3232421875,"height":600.338623046875,"x":8452.8857421875,"y":2040.793212890625},"style":{},"id":"5082d566-1007-4737-b116-772399294b4c","transform":{"a":1,"b":0,"c":0,"d":1,"e":0,"f":0},"children":[{"name":"よくある質問","type":"text","bounds":{"width":288,"height":70,"x":8813.328125,"y":2040.793212890625},"style":{"fontFamily":"Noto Sans JP","fontSize":48,"fontStyle":"Bold","textAlign":"center","lineHeight":57.60000228881836,"fill":{"type":"color","rgba":"rgba(0, 56, 148, 255)","hex":"#003894"}},"id":"3d7f21bc-0d3e-4d84-bcb1-e6ff847db457","transform":{"a":1,"b":0,"c":0,"d":1,"e":725.1904296875,"f":2096.793212890625},"text":"よくある質問","children":[]},{"name":"グループ 816","type":"group","bounds":{"width":1001.3232421875,"height":465.615234375,"x":8452.8857421875,"y":2175.5166015625},"style":{},"id":"1427488b-1644-4068-b703-13a6902deb40","transform":{"a":1,"b":0,"c":0,"d":1,"e":0,"f":0},"children":[{"name":"グループ 802","type":"group","bounds":{"width":1001.3232421875,"height":127.753662109375,"x":8452.8857421875,"y":2175.5166015625},"style":{},"id":"6d876c85-865a-4ece-8930-e7e8ac507d9c","transform":{"a":1,"b":0,"c":0,"d":1,"e":0,"f":0},"children":[{"name":"線 15","type":"line","bounds":{"width":1000.2099609375,"height":0,"x":8453.9990234375,"y":2303.270263671875},"style":{"stroke":{"color":{"type":"color","rgba":"rgba(0, 0, 0, 255)","hex":"#000000"},"width":1}},"id":"fc95e8ac-aefd-4a06-8109-f95af48de73d","transform":{"a":1,"b":0,"c":0,"d":1,"e":221.861328125,"f":2303.270263671875},"children":[]},{"name":"グループ 801","type":"group","bounds":{"width":474.58203125,"height":81.336181640625,"x":8452.8857421875,"y":2175.5166015625},"style":{},"id":"f0d9aac8-d016-4268-a0db-0d91c8c71390","transform":{"a":1,"b":0,"c":0,"d":1,"e":0,"f":0},"children":[{"name":"グループ 800","type":"group","bounds":{"width":275.58203125,"height":36.543212890625,"x":8452.8857421875,"y":2175.5166015625},"style":{},"id":"0736f38a-9842-4bf8-9122-c18768399f9c","transform":{"a":1,"b":0,"c":0,"d":1,"e":0,"f":0},"children":[{"name":"グループ 799","type":"group","bounds":{"width":33.55078125,"height":36.543212890625,"x":8452.8857421875,"y":2175.5166015625},"style":{},"id":"decfe787-1bbf-4690-8523-018eb0b80993","transform":{"a":1,"b":0,"c":0,"d":1,"e":0,"f":0},"children":[{"name":"長方形 10","type":"rectangle","bounds":{"width":33.55078125,"height":33.55078125,"x":8452.8857421875,"y":2178.509033203125},"style":{"fill":{"type":"color","rgba":"rgba(0, 0, 0, 255)","hex":"#000000"}},"id":"0f5eaf53-76a0-4ed8-9600-cb7d546397d2","transform":{"a":1,"b":0,"c":0,"d":1,"e":220.748046875,"f":2178.509033203125},"children":[]},{"name":"Q","type":"text","bounds":{"width":18,"height":35,"x":8460.6533203125,"y":2175.5166015625},"style":{"fontFamily":"NotoSansJP-Medium","fontSize":24.116680145263672,"textAlign":"center","lineHeight":28.940017700195312,"fill":{"type":"color","rgba":"rgba(255, 255, 255, 255)","hex":"#FFFFFF"}},"id":"c3913149-f8e8-4833-b3a3-a2f816e90bd6","transform":{"a":1,"b":0,"c":0,"d":1,"e":237.515625,"f":2203.5166015625},"text":"Q","children":[]}]},{"name":"仕事内容を教えてください","type":"text","bounds":{"width":215,"height":26,"x":8513.4677734375,"y":2181.785400390625},"style":{"fontFamily":"Noto Sans JP","fontSize":18,"fontStyle":"Bold","textAlign":"left","lineHeight":21.600000381469727,"fill":{"type":"color","rgba":"rgba(0, 0, 0, 255)","hex":"#000000"}},"id":"015982c1-d94b-4d10-a0e0-59476f7f5404","transform":{"a":1,"b":0,"c":0,"d":1,"e":281.330078125,"f":2202.785400390625},"text":"仕事内容を教えてください","children":[]}]},{"name":"グループ 798","type":"group","bounds":{"width":474.58203125,"height":37.696044921875,"x":8452.8857421875,"y":2219.15673828125},"style":{},"id":"898c8f24-b62e-4f32-8bbe-74cb5a6fe94b","transform":{"a":1,"b":0,"c":0,"d":1,"e":0,"f":0},"children":[{"name":"グループ 797","type":"group","bounds":{"width":33.55078125,"height":36.544189453125,"x":8452.8857421875,"y":2220.30859375},"style":{},"id":"d0a5272f-20b8-407a-a1ea-f8196edfca7b","transform":{"a":1,"b":0,"c":0,"d":1,"e":0,"f":0},"children":[{"name":"長方形 11","type":"rectangle","bounds":{"width":33.55078125,"height":33.55078125,"x":8452.8857421875,"y":2223.302001953125},"style":{"fill":{"type":"color","rgba":"rgba(0, 56, 148, 255)","hex":"#003894"}},"id":"ab91d298-cd2f-4937-b938-fb37abdbc1f1","transform":{"a":1,"b":0,"c":0,"d":1,"e":220.748046875,"f":2223.302001953125},"children":[]},{"name":"A","type":"text","bounds":{"width":16,"height":35,"x":8461.6533203125,"y":2220.30859375},"style":{"fontFamily":"NotoSansJP-Medium","fontSize":24.116680145263672,"textAlign":"center","lineHeight":28.940017700195312,"fill":{"type":"color","rgba":"rgba(255, 255, 255, 255)","hex":"#FFFFFF"}},"id":"855a8559-986f-48e1-b5eb-f9fe65e72aaf","transform":{"a":1,"b":0,"c":0,"d":1,"e":229.515625,"f":2220.30859375},"text":"A","children":[]}]},{"name":"工作機械を使用し様々な部品を加工していくお仕事です。","type":"text","bounds":{"width":414,"height":24,"x":8513.4677734375,"y":2219.15673828125},"style":{"fontFamily":"Noto Sans JP","fontSize":16,"fontStyle":"Medium","textAlign":"left","lineHeight":24,"fill":{"type":"color","rgba":"rgba(0, 0, 0, 255)","hex":"#000000"}},"id":"0294b6d9-34b3-411f-9fb8-3caf8c881ecd","transform":{"a":1,"b":0,"c":0,"d":1,"e":281.330078125,"f":2238.15673828125},"text":"工作機械を使用し様々な部品を加工していくお仕事です。","children":[]}]}]}]},{"name":"グループ 809","type":"group","bounds":{"width":1001.3232421875,"height":126.423095703125,"x":8452.8857421875,"y":2345.77783203125},"style":{},"id":"cb916774-fa52-4e62-89c4-95fd10d406ce","transform":{"a":1,"b":0,"c":0,"d":1,"e":0,"f":0},"children":[{"name":"グループ 808","type":"group","bounds":{"width":648.58203125,"height":115.64013671875,"x":8452.8857421875,"y":2345.77783203125},"style":{},"id":"a2c5d67b-20f3-485e-acbd-0c7776583f1a","transform":{"a":1,"b":0,"c":0,"d":1,"e":0,"f":0},"children":[{"name":"グループ 805","type":"group","bounds":{"width":312.58203125,"height":36.54296875,"x":8452.8857421875,"y":2345.77783203125},"style":{},"id":"2eb69f02-17d8-46eb-9f53-ef37b7bb5722","transform":{"a":1,"b":0,"c":0,"d":1,"e":0,"f":0},"children":[{"name":"グループ 804","type":"group","bounds":{"width":33.55078125,"height":36.54296875,"x":8452.8857421875,"y":2345.77783203125},"style":{},"id":"de9fddb9-6b0c-4bba-9509-cd4806690b9f","transform":{"a":1,"b":0,"c":0,"d":1,"e":0,"f":0},"children":[{"name":"長方形 14","type":"rectangle","bounds":{"width":33.55078125,"height":33.55078125,"x":8452.8857421875,"y":2348.77001953125},"style":{"fill":{"type":"color","rgba":"rgba(0, 0, 0, 255)","hex":"#000000"}},"id":"371628d2-c45e-454d-92da-72336319567f","transform":{"a":1,"b":0,"c":0,"d":1,"e":220.748046875,"f":2348.77001953125},"children":[]},{"name":"Q","type":"text","bounds":{"width":18,"height":35,"x":8460.6533203125,"y":2345.77783203125},"style":{"fontFamily":"NotoSansJP-Medium","fontSize":24.116680145263672,"textAlign":"center","lineHeight":28.940017700195312,"fill":{"type":"color","rgba":"rgba(255, 255, 255, 255)","hex":"#FFFFFF"}},"id":"1a8f0147-ccea-4d98-8c58-332f114fe32b","transform":{"a":1,"b":0,"c":0,"d":1,"e":237.515625,"f":2373.77783203125},"text":"Q","children":[]}]},{"name":"未経験でも大丈夫でしょうか？","type":"text","bounds":{"width":252,"height":26,"x":8513.4677734375,"y":2352.046630859375},"style":{"fontFamily":"Noto Sans JP","fontSize":18,"fontStyle":"Bold","textAlign":"left","lineHeight":21.600000381469727,"fill":{"type":"color","rgba":"rgba(0, 0, 0, 255)","hex":"#000000"}},"id":"371be060-7fb8-4e48-9889-115dbffd7f15","transform":{"a":1,"b":0,