{"artboards":[{"name":"グループ 907","type":"group","bounds":{"width":1440.4619140625,"height":910,"x":9864,"y":898},"style":{},"id":"8fb63e92-6536-44d2-8132-df4697d37ed1","transform":{"a":1,"b":0,"c":0,"d":1,"e":0,"f":0},"children":[{"name":"長方形 218","type":"rectangle","bounds":{"width":1440,"height":910,"x":9864,"y":898},"style":{"fill":{"type":"color","rgba":"rgba(255, 255, 255, 255)","hex":"#FFFFFF"}},"id":"f783beeb-e5a7-4303-a5e2-e78a33a3f9e9","transform":{"a":1,"b":0,"c":0,"d":1,"e":-0.4970703125,"f":898},"children":[]},{"name":"グループ 906","type":"group","bounds":{"width":1323.7578125,"height":681.7664794921875,"x":9980.7041015625,"y":1068.9326171875},"style":{},"id":"079728f7-d44e-49a3-941a-1e7c10a1f6d7","transform":{"a":1,"b":0,"c":0,"d":1,"e":0,"f":0},"children":[{"name":"グループ 913","type":"group","bounds":{"width":559.4482421875,"height":554.833740234375,"x":9980.7041015625,"y":1068.9326171875},"style":{},"id":"2847a6c2-305a-457d-a3e9-996a68f4d3a5","transform":{"a":1,"b":0,"c":0,"d":1,"e":0,"f":0},"children":[{"name":"代表挨拶","type":"text","bounds":{"width":144,"height":52,"x":9983.7548828125,"y":1068.9326171875},"style":{"fontFamily":"Noto Sans JP","fontSize":36,"fontStyle":"Bold","textAlign":"left","lineHeight":63,"fill":{"type":"color","rgba":"rgba(0, 56, 148, 255)","hex":"#003894"}},"id":"00890370-5614-4eb8-90d8-9deb377da8d6","transform":{"a":1,"b":0,"c":0,"d":1,"e":119.2578125,"f":1110.9326171875},"text":"代表挨拶","children":[]},{"name":"グループ 912","type":"group","bounds":{"width":559.4482421875,"height":426.523193359375,"x":9980.7041015625,"y":1197.2431640625},"style":{},"id":"a65e501d-a8bd-4f81-9e32-29187354c1c9","transform":{"a":1,"b":0,"c":0,"d":1,"e":0,"f":0},"children":[{"name":"一切の妥協なき切削加工へのこだわり","type":"text","bounds":{"width":374,"height":32,"x":9980.7041015625,"y":1197.2431640625},"style":{"fontFamily":"Noto Sans JP","fontSize":22,"fontStyle":"Bold","textAlign":"left","lineHeight":36,"fill":{"type":"color","rgba":"rgba(0, 0, 0, 255)","hex":"#000000"}},"id":"ba8161c1-15c5-4a9f-8cd1-7e48e8ace18e","transform":{"a":1,"b":0,"c":0,"d":1,"e":116.20703125,"f":1223.2431640625},"text":"一切の妥協なき切削加工へのこだわり","children":[]},{"name":"グループ 904","type":"group","bounds":{"width":556.3974609375,"height":362.629638671875,"x":9983.7548828125,"y":1261.13671875},"style":{},"id":"352f9396-da6b-43d7-97b4-5532663f86ab","transform":{"a":1,"b":0,"c":0,"d":1,"e":0,"f":0},"children":[{"name":"有限会社板岡工作所は、兵庫県神戸市西区にて機械用部品の切削加工を行っております。\n私たちは少数精鋭の体制のもと、すべての工程に責任を持ち、精度を追求したものづくりを続けてまいりました。\n切削加工は、わずかな誤差が製品全体の品質を左右する仕事です。だからこそ、一つひとつの工程に妥協せず、確かな技術と誠実な姿勢で向き合うことを大切にしています。\n少数精鋭だからこそ可能な、細やかな対応力と迅速な判断力。\nお客様のご要望に真摯に応え、信頼されるパートナーであり続けることが私たちの使命です。\nこれからも地域に根ざした","type":"text","bounds":{"width":556.3974609375,"height":338.629638671875,"x":9983.7548828125,"y":1261.13671875},"style":{"fontFamily":"Noto Sans JP","fontSize":14,"fontStyle":"Medium","textAlign":"left","lineHeight":31,"fill":{"type":"color","rgba":"rgba(0, 0, 0, 255)","hex":"#000000"}},"id":"5f071ddb-d7aa-4999-8cf7-4a3e99988e39","transform":{"a":1,"b":0,"c":0,"d":1,"e":119.2578125,"f":1261.13671875},"text":"有限会社板岡工作所は、兵庫県神戸市西区にて機械用部品の切削加工を行っております。\n私たちは少数精鋭の体制のもと、すべての工程に責任を持ち、精度を追求したものづくりを続けてまいりました。\n切削加工は、わずかな誤差が製品全体の品質を左右する仕事です。だからこそ、一つひとつの工程に妥協せず、確かな技術と誠実な姿勢で向き合うことを大切にしています。\n少数精鋭だからこそ可能な、細やかな対応力と迅速な判断力。\nお客様のご要望に真摯に応え、信頼されるパートナーであり続けることが私たちの使命です。\nこれからも地域に根ざした加工会社として、品質第一の姿勢を貫き、ものづくりを通じて社会に貢献してまいります。\n","children":[]},{"name":"代表取締役　板岡 博史","type":"text","bounds":{"width":164,"height":24,"x":9984.6943359375,"y":1599.766357421875},"style":{"fontFamily":"Noto Sans JP","fontSize":16,"fontStyle":"Bold","textAlign":"left","lineHeight":28,"fill":{"type":"color","rgba":"rgba(0, 0, 0, 255)","hex":"#000000"}},"id":"a56e03a7-71ba-4c80-b406-7c6acb9000a3","transform":{"a":1,"b":0,"c":0,"d":1,"e":120.197265625,"f":1618.766357421875},"text":"代表取締役　板岡 博史","children":[]}]}]}]},{"name":"company-greeting","type":"group","bounds":{"width":680.37890625,"height":662.4217529296875,"x":10624.0830078125,"y":1088.27734375},"style":{},"id":"7ad70a8a-cbd4-46fc-a669-a14c9c986d23","transform":{"a":1,"b":0,"c":0,"d":1,"e":-9864.4970703125,"f":0},"children":[{"name":"グループ 36","type":"group","bounds":{"width":680.37890625,"height":662.4217529296875,"x":10624.0830078125,"y":1088.27734375},"style":{},"id":"04e57347-06c5-45b6-beaa-14117ba478b8","transform":{"a":1,"b":0,"c":0,"d":1,"e":0,"f":0},"children":[{"name":"長方形 53","type":"rectangle","bounds":{"width":1006.134765625,"height":671.0921630859375,"x":10467.12890625,"y":1084.4637451171875},"style":{"fill":{"type":"image"}},"id":"05651c91-482a-4305-bd33-290e7ce2a85e","transform":{"a":1,"b":0,"c":0,"d":1,"e":10467.12890625,"f":1084.4637451171875},"children":[]},{"name":"長方形 54","type":"rectangle","bounds":{"width":680.37890625,"height":662.4217529296875,"x":10624.0830078125,"y":1088.27734375},"style":{},"id":"482a30be-8812-4a9a-994d-d6bdb12064c5","transform":{"a":1,"b":0,"c":0,"d":1,"e":10624.0830078125,"f":1088.27734375},"children":[]}]}]}]}]}]}