{"artboards":[{"name":"グループ 179","type":"group","bounds":{"width":375,"height":517.4423828125,"x":549.7650146484375,"y":8955.46875},"style":{},"id":"b12e49cb-334c-4b3f-904b-a69734647c58","transform":{"a":1,"b":0,"c":0,"d":1,"e":0,"f":0},"children":[{"name":"グループ 177","type":"group","bounds":{"width":375,"height":517.4423828125,"x":549.7650146484375,"y":8955.46875},"style":{},"id":"48b7c285-afb7-4f28-876e-62835c9900af","transform":{"a":1,"b":0,"c":0,"d":1,"e":0,"f":0},"children":[{"name":"長方形 158","type":"rectangle","bounds":{"width":375,"height":517.4423828125,"x":549.7650146484375,"y":8955.46875},"style":{"fill":{"type":"color","rgba":"rgba(51, 51, 51, 255)","hex":"#333333"}},"id":"cec68071-2478-46c9-bee5-1ddf8ecde388","transform":{"a":1,"b":0,"c":0,"d":1,"e":0,"f":4547.46875},"children":[]}]},{"name":"グループ 178","type":"group","bounds":{"width":315.8687744140625,"height":482.224609375,"x":579.262451171875,"y":8972.212890625},"style":{},"id":"df9cf989-a5ae-4987-9ebc-fbcf3ebf202e","transform":{"a":1,"b":0,"c":0,"d":1,"e":0,"f":0},"children":[{"name":"線 112","type":"line","bounds":{"width":315.2489013671875,"height":0,"x":579.4927978515625,"y":9404.650390625},"style":{"stroke":{"color":{"type":"color","rgba":"rgba(255, 255, 255, 255)","hex":"#FFFFFF"},"width":0.30000001192092896}},"id":"c8f887ff-16be-4d33-b0f7-d808db0c9ba8","transform":{"a":1,"b":0,"c":0,"d":1,"e":29.727783203125,"f":4996.65087890625},"children":[]},{"name":"グループ 170","type":"group","bounds":{"width":315.6103515625,"height":189.978515625,"x":579.262451171875,"y":8972.212890625},"style":{},"id":"3b5cbcae-5347-4cb1-a839-2553952bf44e","transform":{"a":1,"b":0,"c":0,"d":1,"e":0,"f":0},"children":[{"name":"TOP\n業務内容\n設備紹介\n会社情報\n採用情報","type":"text","bounds":{"width":49,"height":177,"x":579.262451171875,"y":8973.1943359375},"style":{"fontFamily":"Noto Sans JP","fontSize":12,"fontStyle":"Bold","textAlign":"left","lineHeight":40,"letterSpacing":40,"fill":{"type":"color","rgba":"rgba(255, 255, 255, 255)","hex":"#FFFFFF"}},"id":"d83407f2-be46-416d-bd9a-1b03a4394939","transform":{"a":1,"b":0,"c":0,"d":1,"e":29.4974365234375,"f":4579.1943359375},"text":"TOP\n業務内容\n設備紹介\n会社情報\n採用情報","children":[]},{"name":"線 107","type":"line","bounds":{"width":315.2489013671875,"height":0,"x":579.4927978515625,"y":9002.5712890625},"style":{"stroke":{"color":{"type":"color","rgba":"rgba(255, 255, 255, 255)","hex":"#FFFFFF"},"width":0.30000001192092896}},"id":"2dea298b-3ec9-43d1-98e2-07bcb7c6bb3b","transform":{"a":1,"b":0,"c":0,"d":1,"e":29.727783203125,"f":4594.5712890625},"children":[]},{"name":"線 108","type":"line","bounds":{"width":315.2489013671875,"height":0,"x":579.4927978515625,"y":9042.4765625},"style":{"stroke":{"color":{"type":"color","rgba":"rgba(255, 255, 255, 255)","hex":"#FFFFFF"},"width":0.30000001192092896}},"id":"dd2ba04f-f598-4ed0-8722-abd39061ebde","transform":{"a":1,"b":0,"c":0,"d":1,"e":29.727783203125,"f":4634.47607421875},"children":[]},{"name":"線 109","type":"line","bounds":{"width":315.2489013671875,"height":0,"x":579.4927978515625,"y":9082.380859375},"style":{"stroke":{"color":{"type":"color","rgba":"rgba(255, 255, 255, 255)","hex":"#FFFFFF"},"width":0.30000001192092896}},"id":"418ab2a3-4a2e-4879-bbcc-d7cb972157b1","transform":{"a":1,"b":0,"c":0,"d":1,"e":29.727783203125,"f":4674.38134765625},"children":[]},{"name":"線 110","type":"line","bounds":{"width":315.2489013671875,"height":0,"x":579.6239013671875,"y":9122.2861328125},"style":{"stroke":{"color":{"type":"color","rgba":"rgba(255, 255, 255, 255)","hex":"#FFFFFF"},"width":0.30000001192092896}},"id":"d5061280-1bcf-4e76-9b22-1a06d1ee3a46","transform":{"a":1,"b":0,"c":0,"d":1,"e":29.85888671875,"f":4714.2861328125},"children":[]},{"name":"線 111","type":"line","bounds":{"width":315.2489013671875,"height":0,"x":579.6239013671875,"y":9162.19140625},"style":{"stroke":{"color":{"type":"color","rgba":"rgba(255, 255, 255, 255)","hex":"#FFFFFF"},"width":0.30000001192092896}},"id":"4e941236-7d1e-4d58-b3f7-840ea4c1e7b4","transform":{"a":1,"b":0,"c":0,"d":1,"e":29.85888671875,"f":4754.19091796875},"children":[]},{"name":"グループ 108","type":"group","bounds":{"width":17.88922119140625,"height":17.8896484375,"x":874.0908813476562,"y":8972.212890625},"style":{},"id":"f06e10f2-e7f1-4e55-a4b0-e85774a70c98","transform":{"a":1,"b":0,"c":0,"d":1,"e":-444.93994140625,"f":-2.274658203125},"children":[{"name":"楕円形 34","type":"ellipse","bounds":{"width":17.88922119140625,"height":17.8896484375,"x":874.0908813476562,"y":8972.212890625},"style":{"stroke":{"color":{"type":"color","rgba":"rgba(255, 255, 255, 255)","hex":"#FFFFFF"},"width":0.23999999463558197}},"id":"66623da1-561b-409d-a40e-d775cb33e8f7","transform":{"a":1,"b":0,"c":0,"d":1,"e":769.2658081054688,"f":4566.48779296875},"children":[]},{"name":"線 113","type":"line","bounds":{"width":7.4044189453125,"height":0,"x":879.3670043945312,"y":8981.2783203125},"style":{"stroke":{"color":{"type":"color","rgba":"rgba(255, 255, 255, 255)","hex":"#FFFFFF"},"width":0.800000011920929}},"id":"f2f5fa51-0df8-41a5-8570-1704762ea3b2","transform":{"a":1,"b":0,"c":0,"d":1,"e":774.5419311523438,"f":4575.552734375},"children":[]},{"name":"パス 63","type":"path","bounds":{"width":2.5750732421875,"height":6.302734375,"x":884.3104858398438,"y":8978.15234375},"style":{"stroke":{"color":{"type":"color","rgba":"rgba(255, 255, 255, 255)","hex":"#FFFFFF"},"width":0.800000011920929}},"id":"aa7e7f9b-f95a-4a3a-b35b-939403fffe7d","transform":{"a":1,"b":0,"c":0,"d":1,"e":0,"f":0},"children":[]}]},{"name":"グループ 109","type":"group","bounds":{"width":17.88922119140625,"height":17.888671875,"x":874.0908813476562,"y":9013.44921875},"style":{},"id":"ac5f19d5-c8f5-44f5-8a3a-d366c8e9e1c5","transform":{"a":1,"b":0,"c":0,"d":1,"e":-444.93994140625,"f":-2.274658203125},"children":[{"name":"楕円形 35","type":"ellipse","bounds":{"width":17.88922119140625,"height":17.8896484375,"x":874.0908813476562,"y":9013.4482421875},"style":{"stroke":{"color":{"type":"color","rgba":"rgba(255, 255, 255, 255)","hex":"#FFFFFF"},"width":0.23999999463558197}},"id":"c6f9f4da-9163-4f69-be59-314d66d5e2f4","transform":{"a":1,"b":0,"c":0,"d":1,"e":769.2658081054688,"f":4607.72314453125},"children":[]},{"name":"線 114","type":"line","bounds":{"width":7.4044189453125,"height":0,"x":879.3670043945312,"y":9022.513671875},"style":{"stroke":{"color":{"type":"color","rgba":"rgba(255, 255, 255, 255)","hex":"#FFFFFF"},"width":0.800000011920929}},"id":"c490cd04-f374-440f-9125-06efadc672bc","transform":{"a":1,"b":0,"c":0,"d":1,"e":774.5419311523438,"f":4616.7880859375},"children":[]},{"name":"パス 64","type":"path","bounds":{"width":2.5750732421875,"height":6.3037109375,"x":884.3104858398438,"y":9019.38671875},"style":{"stroke":{"color":{"type":"color","rgba":"rgba(255, 255, 255, 255)","hex":"#FFFFFF"},"width":0.800000011920929}},"id":"a9b00d86-4ded-446e-95d3-0e0a39aa7dad","transform":{"a":1,"b":0,"c":0,"d":1,"e":0,"f":0},"children":[]}]},{"name":"グループ 110","type":"group","bounds":{"width":17.88922119140625,"height":17.888671875,"x":874.0908813476562,"y":9053.353515625},"style":{},"id":"80b1f29d-67cd-4696-958d-b0ebd08f43b8","transform":{"a":1,"b":0,"c":0,"d":1,"e":-444.93994140625,"f":-2.274658203125},"children":[{"name":"楕円形 36","type":"ellipse","bounds":{"width":17.88922119140625,"height":17.8896484375,"x":874.0908813476562,"y":9053.353515625},"style":{"stroke":{"color":{"type":"color","rgba":"rgba(255, 255, 255, 255)","hex":"#FFFFFF"},"width":0.23999999463558197}},"id":"e5164db2-a7fc-4b66-9795-b5279e870821","transform":{"a":1,"b":0,"c":0,"d":1,"e":769.2658081054688,"f":4647.6279296875},"children":[]},{"name":"線 115","type":"line","bounds":{"width":7.4044189453125,"height":0,"x":879.3670043945312,"y":9062.41796875},"style":{"stroke":{"color":{"type":"color","rgba":"rgba(255, 255, 255, 255)","hex":"#FFFFFF"},"width":0.800000011920929}},"id":"a6c4a3b9-ad96-47e0-9033-d7f74d1a4641","transform":{"a":1,"b":0,"c":0,"d":1,"e":774.5419311523438,"f":4656.69287109375},"children":[]},{"name":"パス 65",