{"artboards":[{"name":"アートボード 1 – 1","type":"artboard","bounds":{"width":375,"height":667,"x":620,"y":2058},"style":{"fill":{"type":"color","rgba":"rgba(255, 255, 255, 255)","hex":"#FFFFFF"}},"id":"13ef3d0a-4655-4129-a44c-3bff87ae6060","transform":{"a":1,"b":0,"c":0,"d":1,"e":620,"f":2058},"children":[{"name":"グループ 539","type":"group","bounds":{"width":321.44921875,"height":623.49462890625,"x":644.404296875,"y":2077.3388671875},"style":{},"id":"604daa99-0a09-40ed-a8bc-515ed2648022","transform":{"a":1,"b":0,"c":0,"d":1,"e":0,"f":0},"children":[{"name":"グループ 538","type":"group","bounds":{"width":304.19384765625,"height":408.611328125,"x":655.8652954101562,"y":2227.50146484375},"style":{},"id":"4af36b3d-482f-4f5d-8c86-307498baea00","transform":{"a":1,"b":0,"c":0,"d":1,"e":0,"f":0},"children":[{"name":"トップページ　TOP\n業務内容　SERVICES\n設備紹介　FACILITIES\n会社情報　COMPANY\n採用情報　RECRUITMENT\nお問い合わせ　COPNTACT\nプライバシーポリシー　PRIVACY POLICY","type":"text","bounds":{"width":238,"height":366,"x":656.805419921875,"y":2247.368896484375},"style":{"fontFamily":"Noto Sans JP","fontSize":12,"fontStyle":"Bold","textAlign":"left","lineHeight":58.20000076293945,"letterSpacing":40,"fill":{"type":"color","rgba":"rgba(153, 153, 153, 255)","hex":"#999999"}},"id":"57ef0c24-a52e-4870-8c6a-0a2354794861","transform":{"a":1,"b":0,"c":0,"d":1,"e":36.805419921875,"f":203.368896484375},"text":"トップページ　TOP\n業務内容　SERVICES\n設備紹介　FACILITIES\n会社情報　COMPANY\n採用情報　RECRUITMENT\nお問い合わせ　COPNTACT\nプライバシーポリシー　PRIVACY POLICY","children":[]},{"name":"グループ 150","type":"group","bounds":{"width":15.15771484375,"height":15.15771484375,"x":940.0145263671875,"y":2306.70849609375},"style":{},"id":"1c9ae581-7768-437c-856f-ce2e43ed5790","transform":{"a":1,"b":0,"c":0,"d":1,"e":0,"f":0},"children":[{"name":"楕円形 45","type":"ellipse","bounds":{"width":15.15765380859375,"height":15.15771484375,"x":940.0145263671875,"y":2306.70849609375},"style":{"fill":{"type":"color","rgba":"rgba(3, 81, 143, 255)","hex":"#03518F"}},"id":"9c6ed960-4784-4728-b463-41b53845cd44","transform":{"a":1,"b":0,"c":0,"d":1,"e":320.0145568847656,"f":248.70855712890625},"children":[]},{"name":"線 121","type":"line","bounds":{"width":6.2738037109375,"height":0,"x":944.4850463867188,"y":2314.38916015625},"style":{"stroke":{"color":{"type":"color","rgba":"rgba(255, 255, 255, 255)","hex":"#FFFFFF"},"width":0.7971615195274353}},"id":"a86ea983-3517-42f7-a139-5df8fdfc0506","transform":{"a":1,"b":0,"c":0,"d":1,"e":324.48504638671875,"f":256.3892517089844},"children":[]},{"name":"パス 112","type":"path","bounds":{"width":2.181884765625,"height":5.340576171875,"x":948.6737060546875,"y":2311.740478515625},"style":{"stroke":{"color":{"type":"color","rgba":"rgba(255, 255, 255, 255)","hex":"#FFFFFF"},"width":0.7971615195274353}},"id":"f99988c5-9c8c-4f07-a231-2ddcddc53f1c","transform":{"a":1,"b":0,"c":0,"d":1,"e":0,"f":0},"children":[]}]},{"name":"線 122","type":"line","bounds":{"width":304.19384765625,"height":0,"x":655.8652954101562,"y":2340.2998046875},"style":{"stroke":{"color":{"type":"color","rgba":"rgba(0, 0, 0, 255)","hex":"#000000"},"width":0.30000001192092896}},"id":"1592f095-a476-4ff2-826e-99001dc16fa9","transform":{"a":1,"b":0,"c":0,"d":1,"e":35.86529541015625,"f":282.2998046875},"children":[]},{"name":"線 123","type":"line","bounds":{"width":304.19384765625,"height":0,"x":655.8652954101562,"y":2227.50146484375},"style":{"stroke":{"color":{"type":"color","rgba":"rgba(0, 0, 0, 255)","hex":"#000000"},"width":0.30000001192092896}},"id":"538a3524-d581-4b24-b0a7-6db95297db36","transform":{"a":1,"b":0,"c":0,"d":1,"e":35.86529541015625,"f":169.50146484375},"children":[]},{"name":"グループ 151","type":"group","bounds":{"width":15.15771484375,"height":15.15771484375,"x":940.0145263671875,"y":2250.13623046875},"style":{},"id":"1de0417e-ee97-498f-9d00-25e225432db5","transform":{"a":1,"b":0,"c":0,"d":1,"e":0,"f":0},"children":[{"name":"楕円形 46","type":"ellipse","bounds":{"width":15.15765380859375,"height":15.15771484375,"x":940.0145263671875,"y":2250.13623046875},"style":{"fill":{"type":"color","rgba":"rgba(3, 81, 143, 255)","hex":"#03518F"}},"id":"eca45d7a-bfea-42a9-ae6e-461b147ee49d","transform":{"a":1,"b":0,"c":0,"d":1,"e":320.0145568847656,"f":192.1361846923828},"children":[]},{"name":"線 124","type":"line","bounds":{"width":6.2738037109375,"height":0,"x":944.4850463867188,"y":2257.81689453125},"style":{"stroke":{"color":{"type":"color","rgba":"rgba(255, 255, 255, 255)","hex":"#FFFFFF"},"width":0.7971615195274353}},"id":"17d0c896-3e3f-4bdd-b59d-14c5440bc0d8","transform":{"a":1,"b":0,"c":0,"d":1,"e":324.48504638671875,"f":199.81686401367188},"children":[]},{"name":"パス 113","type":"path","bounds":{"width":2.181884765625,"height":5.3408203125,"x":948.6737060546875,"y":2255.16796875},"style":{"stroke":{"color":{"type":"color","rgba":"rgba(255, 255, 255, 255)","hex":"#FFFFFF"},"width":0.7971615195274353}},"id":"90d1d5eb-818d-4385-9ee7-8f52321847cb","transform":{"a":1,"b":0,"c":0,"d":1,"e":0,"f":0},"children":[]}]},{"name":"線 125","type":"line","bounds":{"width":304.19384765625,"height":0,"x":655.8652954101562,"y":2283.7275390625},"style":{"stroke":{"color":{"type":"color","rgba":"rgba(0, 0, 0, 255)","hex":"#000000"},"width":0.30000001192092896}},"id":"657ba081-3b24-4e6f-9b77-64cf926d3ee7","transform":{"a":1,"b":0,"c":0,"d":1,"e":35.86529541015625,"f":225.7275390625},"children":[]},{"name":"グループ 152","type":"group","bounds":{"width":15.15771484375,"height":15.15771484375,"x":940.0145263671875,"y":2362.9345703125},"style":{},"id":"070e783c-277e-45f4-9555-c75e31a1501a","transform":{"a":1,"b":0,"c":0,"d":1,"e":0,"f":0},"children":[{"name":"楕円形 47","type":"ellipse","bounds":{"width":15.15765380859375,"height":15.15771484375,"x":940.0145263671875,"y":2362.9345703125},"style":{"fill":{"type":"color","rgba":"rgba(3, 81, 143, 255)","hex":"#03518F"}},"id":"f1d501ed-c0e0-46cd-8508-faa0813735f3","transform":{"a":1,"b":0,"c":0,"d":1,"e":320.0145568847656,"f":304.9345703125},"children":[]},{"name":"線 126","type":"line","bounds":{"width":6.2738037109375,"height":0,"x":944.4850463867188,"y":2370.615234375},"style":{"stroke":{"color":{"type":"color","rgba":"rgba(255, 255, 255, 255)","hex":"#FFFFFF"},"width":0.7971615195274353}},"id":"66db52df-5de2-428f-b4b2-849772b4d63c","transform":{"a":1,"b":0,"c":0,"d":1,"e":324.48504638671875,"f":312.6152648925781},"children":[]},{"name":"パス 114","type":"path","bounds":{"width":2.181884765625,"height":5.3408203125,"x":948.6737060546875,"y":2367.96630859375},"style":{"stroke":{"color":{"type":"color","rgba":"rgba(255, 255, 255, 255)","hex":"#FFFFFF"},"width":0.7971615195274353}},"id":"e28bd0c8-6b9c-4149-acfa-bd5cf4669859","transform":{"a":1,"b":0,"c":0,"d":1,"e":0,"f":0},"children":[]}]},{"name":"線 127","type":"line","bounds":{"width":304.19384765625,"height":0,"x":655.8652954101562,"y":2399.98291015625},"style":{"stroke":{"color":{"type":"color","rgba":"rgba(0, 0, 0, 255)","hex":"#000000"},"width":0.30000001192092896}},"id":"0c69c3e5-5c5c-4c5c-9852-79e8a3468b36","transform":{"a":1,"b":0,"c":0,"d":1,"e":35.86529541015625,"f":341.98291015625},"children":[]},{"name":"グループ 153","type":"group","bounds":{"width":15.15771484375,"height":15.15771484375,"x":940.0145263671875,"y":2422.617431640625},"style":{},"id":"a4c17c70-f2c3-49a5-abd7-c888989d1b0a","transform":{"a":1,"b":0,"c":0,"d":1,"e":0,"f":0},"children":[{"name":"楕円形 48","type":"ellipse","bounds":{"width":15.15765380859375,"height":15.15771484375,"x":940.0145263671875,"y":2422.617431640625},"style":{"fill":{"type":"color","rgba":"rgba(3, 81, 143, 255)","hex":"#03518F"}},"id":"c50af9d4-3c41-43df-9344-b808d7964993","transform":{"a":1,"b":0,"c":0,"d":1,"e":320.0145568847656,"f":364.61749267578125},"children":[]},{"name":"線 128","type":"line","bounds":{"width":6.2738037109375,"height":0,"x":944.4850463867188,"y":2430.298095703125},"style":{"stroke":{"color":{"type":"color","rgba":"rgba(255, 255, 255, 255)","hex":"#FFFFFF"},"width":0.7971615195274353}},"id":"7659c2d9-6106-473e-b895-fafa613cf47e","transform":{"a":1,