{"artboards":[{"name":"グループ 597","type":"group","bounds":{"width":1439.9998779296875,"height":970.71630859375,"x":1580.2349853515625,"y":3425.94482421875},"style":{},"id":"8b1803f9-0ed3-4365-a12d-3b0b7acce7f5","transform":{"a":1,"b":0,"c":0,"d":1,"e":0,"f":0},"children":[{"name":"top-equipment-bg","type":"group","bounds":{"width":1439.9998779296875,"height":970.71630859375,"x":1580.2349853515625,"y":3425.94482421875},"style":{},"id":"a88f6764-4c26-4293-bcf1-9768866e454f","transform":{"a":1,"b":0,"c":0,"d":1,"e":-1580.2349853515625,"f":0},"children":[{"name":"グループ 88","type":"group","bounds":{"width":1439.9998779296875,"height":970.71630859375,"x":1580.2349853515625,"y":3425.94482421875},"style":{},"id":"413fd592-2422-4800-a582-d20d3bab92fd","transform":{"a":1,"b":0,"c":0,"d":1,"e":0,"f":0},"children":[{"name":"長方形 145","type":"rectangle","bounds":{"width":1681.7945556640625,"height":1142.468505859375,"x":1390.7591552734375,"y":3308.718505859375},"style":{"opacity":0.20000000298023224,"fill":{"type":"image"}},"id":"f21fad00-addf-4625-954e-e055b4b504a2","transform":{"a":0.9997259378433228,"b":-0.023411478847265244,"c":0.023411478847265244,"d":0.9997259378433228,"e":1390.7591552734375,"f":3347.497314453125},"children":[]},{"name":"長方形 146","type":"rectangle","bounds":{"width":1439.9998779296875,"height":970.71630859375,"x":1580.2349853515625,"y":3425.94482421875},"style":{},"id":"26b9f1ff-aa3c-478b-b284-49048cea0403","transform":{"a":1,"b":0,"c":0,"d":1,"e":1580.2349853515625,"f":3425.94482421875},"children":[]}]}]},{"name":"グループ 591","type":"group","bounds":{"width":1256.36376953125,"height":768.01708984375,"x":1644.627685546875,"y":3539.30810546875},"style":{},"id":"bfb49f32-816c-46e7-a3ae-2ae69f3e8f19","transform":{"a":1,"b":0,"c":0,"d":1,"e":0,"f":0},"children":[{"name":"グループ 590","type":"group","bounds":{"width":577.021728515625,"height":683.5615234375,"x":2323.9697265625,"y":3602.8251953125},"style":{},"id":"08999f5c-7086-49af-97aa-f8c254daead8","transform":{"a":1,"b":0,"c":0,"d":1,"e":0,"f":0},"children":[{"name":"グループ 587","type":"group","bounds":{"width":220,"height":128.90966796875,"x":2324.90625,"y":3602.8251953125},"style":{},"id":"3909eade-fc24-494f-a424-f12a713fb664","transform":{"a":1,"b":0,"c":0,"d":1,"e":0,"f":0},"children":[{"name":"設備紹介","type":"text","bounds":{"width":220,"height":80,"x":2324.90625,"y":3602.8251953125},"style":{"fontFamily":"Noto Sans JP","fontSize":55,"fontStyle":"Bold","textAlign":"left","lineHeight":96.25,"fill":{"type":"color","rgba":"rgba(0, 56, 148, 255)","hex":"#003894"}},"id":"d4d7dc54-fade-453f-aa8b-5048cad0837c","transform":{"a":1,"b":0,"c":0,"d":1,"e":744.6712646484375,"f":3666.8251953125},"text":"設備紹介","children":[]},{"name":" EQUIPMENT","type":"text","bounds":{"width":207,"height":52,"x":2324.90625,"y":3679.73486328125},"style":{"fontFamily":"Noto Sans JP","fontSize":36,"fontStyle":"Light","textAlign":"left","lineHeight":43.20000076293945,"fill":{"type":"color","rgba":"rgba(0, 0, 0, 255)","hex":"#000000"}},"id":"af203c79-a871-43c7-9b37-9d5e20f1c3e8","transform":{"a":1,"b":0,"c":0,"d":1,"e":744.6712646484375,"f":3721.73486328125},"text":" EQUIPMENT","children":[]}]},{"name":"技術と最新設備の融合で安定した\n品質と高い生産性を実現。","type":"text","bounds":{"width":540,"height":106,"x":2323.9697265625,"y":3816.83544921875},"style":{"fontFamily":"Noto Sans JP","fontSize":36,"fontStyle":"Bold","textAlign":"left","lineHeight":54,"fill":{"type":"color","rgba":"rgba(0, 0, 0, 255)","hex":"#000000"}},"id":"2d2e4e99-6991-48b1-ade3-ab66a30e792c","transform":{"a":1,"b":0,"c":0,"d":1,"e":743.7347412109375,"f":3858.83544921875},"text":"技術と最新設備の融合で安定した\n品質と高い生産性を実現。","children":[]},{"name":"当社では、精度と安定性を追求するため、高性能な工作機械を導入し、加工環境の整備に取り組んでいます。\n最新設備による高い加工精度と、長年培ってきた職人の技術を組み合わせることで、ミクロン単位の精度が求められる加工にも安定して対応しています。\nまた、多様な加工ニーズに応えるため、用途に応じた設備を活用し、効率的かつ柔軟な生産体制を構築。\n品質と生産性の両立を実現し、お客様の信頼に応えるものづくりを支えています。","type":"text","bounds":{"width":574.187255859375,"height":232.09619140625,"x":2326.80419921875,"y":3957.43408203125},"style":{"fontFamily":"Noto Sans JP","fontSize":14,"fontStyle":"Medium","textAlign":"left","lineHeight":27,"fill":{"type":"color","rgba":"rgba(0, 0, 0, 255)","hex":"#000000"}},"id":"828bca0f-7755-4819-9327-bb0e4c74c36e","transform":{"a":1,"b":0,"c":0,"d":1,"e":746.5692138671875,"f":3957.43408203125},"text":"当社では、精度と安定性を追求するため、高性能な工作機械を導入し、加工環境の整備に取り組んでいます。\n最新設備による高い加工精度と、長年培ってきた職人の技術を組み合わせることで、ミクロン単位の精度が求められる加工にも安定して対応しています。\nまた、多様な加工ニーズに応えるため、用途に応じた設備を活用し、効率的かつ柔軟な生産体制を構築。\n品質と生産性の両立を実現し、お客様の信頼に応えるものづくりを支えています。","children":[]},{"name":"グループ 589","type":"group","bounds":{"width":277.68896484375,"height":61.091796875,"x":2327.87353515625,"y":4225.294921875},"style":{},"id":"1ef595fd-7170-4e98-8b83-81bf17d43cd4","transform":{"a":1,"b":0,"c":0,"d":1,"e":-1580.2349853515625,"f":0},"children":[{"name":"長方形 167","type":"rectangle","bounds":{"width":277.68896484375,"height":61.091796875,"x":2327.87353515625,"y":4225.294921875},"style":{"fill":{"type":"color","rgba":"rgba(0, 56, 148, 255)","hex":"#003894"}},"id":"d95d9539-ce70-4d44-9bf2-f96433ddde12","transform":{"a":1,"b":0,"c":0,"d":1,"e":2327.87353515625,"f":4225.294921875},"children":[]},{"name":"グループ 588","type":"group","bounds":{"width":163.222900390625,"height":27.0009765625,"x":2416.7177734375,"y":4242.20947265625},"style":{},"id":"91cad50c-964b-42ce-ac2e-9b98500252d0","transform":{"a":1,"b":0,"c":0,"d":1,"e":0,"f":0},"children":[{"name":"詳しく見る","type":"text","bounds":{"width":100,"height":26,"x":2416.7177734375,"y":4242.20947265625},"style":{"fontFamily":"Noto Sans JP","fontSize":18,"fontStyle":"Bold","textAlign":"center","lineHeight":77.71807098388672,"letterSpacing":140,"fill":{"type":"color","rgba":"rgba(255, 255, 255, 255)","hex":"#FFFFFF"}},"id":"ad56de52-9ccb-489a-999d-a2c14d0ac67b","transform":{"a":1,"b":0,"c":0,"d":1,"e":2466.7177734375,"f":4263.20947265625},"text":"詳しく見る","children":[]},{"name":"パス 86","type":"path","bounds":{"width":12.292236328125,"height":24.5849609375,"x":2567.6484375,"y":4244.62548828125},"style":{"stroke":{"color":{"type":"color","rgba":"rgba(255, 255, 255, 255)","hex":"#FFFFFF"},"width":0.8999999761581421}},"id":"f4f7d4d1-fd5f-4b18-88e7-e12c7fc94786","transform":{"a":1,"b":0,"c":0,"d":1,"e":0,"f":0},"children":[]}]}]}]},{"name":"top-equipment","type":"group","bounds":{"width":587.028564453125,"height":768.01708984375,"x":1644.627685546875,"y":3539.30810546875},"style":{},"id":"1db65832-105f-4453-a875-262703f6ae83","transform":{"a":1,"b":0,"c":0,"d":1,"e":0,"f":0},"children":[{"name":"長方形 175","type":"rectangle","bounds":{"width":587.028564453125,"height":493.154052734375,"x":1644.627685546875,"y":3539.30810546875},"style":{"fill":{"type":"image"}},"id":"cebaa8f0-7e7d-49bd-998a-35f799fed6ca","transform":{"a":1,"b":0,"c":0,"d":1,"e":64.3927001953125,"f":3539.30810546875},"children":[]},{"name":"長方形 176","type":"rectangle","bounds":{"width":348.314208984375,"height":452.472412109375,"x":1858.01220703125,"y":3854.852783203125},"style":{"fill":{"type":"image"}},"id":"4c3ef7e8-c634-433b-afcf-a18c3d63764c","transform":{"a":1,"b":0,"c":0,"d":1,"e":277.7772216796875,"f":3854.852783203125},"children":[]}]}]}]}]}