{"artboards":[{"name":"グループ 596","type":"group","bounds":{"width":375,"height":844.9765625,"x":1065,"y":5278.5478515625},"style":{},"id":"262b8a1e-829c-46d4-be16-2c1e512e592b","transform":{"a":1,"b":0,"c":0,"d":1,"e":0,"f":0},"children":[{"name":"top-equipment-bg_sp","type":"group","bounds":{"width":375,"height":844.9765625,"x":1065,"y":5278.5478515625},"style":{},"id":"ab5d273d-a71a-4823-bf35-69be3717755b","transform":{"a":1,"b":0,"c":0,"d":1,"e":-444.93994140625,"f":-2.274658203125},"children":[{"name":"グループ 98","type":"group","bounds":{"width":375,"height":844.9765625,"x":1065,"y":5278.5478515625},"style":{},"id":"3f989f99-ee08-4ec3-96da-25b2ae1d5c85","transform":{"a":1,"b":0,"c":0,"d":1,"e":0,"f":0},"children":[{"name":"長方形 146","type":"rectangle","bounds":{"width":1336.6485595703125,"height":908.00537109375,"x":681.7874755859375,"y":5248.6875},"style":{"opacity":0.20000000298023224,"fill":{"type":"image"}},"id":"4053eb52-e04c-4cc6-828e-263405855b67","transform":{"a":0.9997259378433228,"b":-0.023411478847265244,"c":0.023411478847265244,"d":0.9997259378433228,"e":61.72744369506836,"f":3221.78271484375},"children":[]},{"name":"長方形 147","type":"rectangle","bounds":{"width":375,"height":844.97705078125,"x":1065,"y":5278.5478515625},"style":{},"id":"42dc239f-bc11-4484-aa14-26232cbf6644","transform":{"a":1,"b":0,"c":0,"d":1,"e":444.9399108886719,"f":3220.822509765625},"children":[]}]}]},{"name":"グループ 595","type":"group","bounds":{"width":323.327880859375,"height":727.07421875,"x":1094.1534423828125,"y":5348.16015625},"style":{},"id":"6c22b47b-3917-4140-9517-a63bd88d5447","transform":{"a":1,"b":0,"c":0,"d":1,"e":0,"f":0},"children":[{"name":"グループ 592","type":"group","bounds":{"width":217,"height":77.6376953125,"x":1094.65625,"y":5348.16015625},"style":{},"id":"2e15dcc1-0b67-4e99-9a84-aa49683941fa","transform":{"a":1,"b":0,"c":0,"d":1,"e":0,"f":0},"children":[{"name":"技術/設備紹介","type":"text","bounds":{"width":217,"height":49,"x":1094.65625,"y":5348.16015625},"style":{"fontFamily":"Noto Sans JP","fontSize":34,"fontStyle":"Bold","textAlign":"left","lineHeight":59.5,"fill":{"type":"color","rgba":"rgba(0, 56, 148, 255)","hex":"#003894"}},"id":"5a1de6f4-8fe1-4ead-a0fb-8d1ce3818753","transform":{"a":1,"b":0,"c":0,"d":1,"e":29.65625,"f":3327.16015625},"text":"技術/設備紹介","children":[]},{"name":"EQUIPMENT","type":"text","bounds":{"width":72,"height":19,"x":1095.20361328125,"y":5406.7978515625},"style":{"fontFamily":"Noto Sans JP","fontSize":13,"fontStyle":"Light","textAlign":"left","lineHeight":15.600000381469727,"fill":{"type":"color","rgba":"rgba(0, 0, 0, 255)","hex":"#000000"}},"id":"87a08ad6-e59d-43c1-aa3a-029a48beac53","transform":{"a":1,"b":0,"c":0,"d":1,"e":30.20361328125,"f":3361.7978515625},"text":"EQUIPMENT","children":[]}]},{"name":"技術と最新設備の融合で安定した\n品質と高い生産性を実現。","type":"text","bounds":{"width":270,"height":53,"x":1096.0098876953125,"y":5725.37646484375},"style":{"fontFamily":"Noto Sans JP","fontSize":18,"fontStyle":"Bold","textAlign":"left","lineHeight":27,"fill":{"type":"color","rgba":"rgba(0, 0, 0, 255)","hex":"#000000"}},"id":"7c77a59b-e811-42fd-baed-f464cc61b371","transform":{"a":1,"b":0,"c":0,"d":1,"e":31.0098876953125,"f":3686.37646484375},"text":"技術と最新設備の融合で安定した\n品質と高い生産性を実現。","children":[]},{"name":"当社では、精度と安定性を追求するため、高性能な工作機械を導入し、加工環境の整備に取り組んでいます。\n最新設備による高い加工精度と、長年培ってきた職人の技術を組み合わせることで、ミクロン単位の精度が求められる加工にも安定して対応しています。\nまた、多様な加工ニーズに応えるため、用途に応じた設備を活用し、効率的かつ柔軟な生産体制を構築。\n品質と生産性の両立を実現し、お客様の信頼に応えるものづくりを支えています。","type":"text","bounds":{"width":315.11669921875,"height":218.33837890625,"x":1095.297119140625,"y":5798.185546875},"style":{"fontFamily":"Noto Sans JP","fontSize":12,"fontStyle":"Medium","textAlign":"left","lineHeight":22,"fill":{"type":"color","rgba":"rgba(0, 0, 0, 255)","hex":"#000000"}},"id":"a86b9fa2-b6e9-41aa-94da-b65536628a84","transform":{"a":1,"b":0,"c":0,"d":1,"e":30.297119140625,"f":3738.185546875},"text":"当社では、精度と安定性を追求するため、高性能な工作機械を導入し、加工環境の整備に取り組んでいます。\n最新設備による高い加工精度と、長年培ってきた職人の技術を組み合わせることで、ミクロン単位の精度が求められる加工にも安定して対応しています。\nまた、多様な加工ニーズに応えるため、用途に応じた設備を活用し、効率的かつ柔軟な生産体制を構築。\n品質と生産性の両立を実現し、お客様の信頼に応えるものづくりを支えています。","children":[]},{"name":"グループ 594","type":"group","bounds":{"width":196.0225830078125,"height":43.125,"x":1155.5662841796875,"y":6032.109375},"style":{},"id":"5737ace7-f774-4b79-9b9c-90c0890a5cc4","transform":{"a":1,"b":0,"c":0,"d":1,"e":-444.93994140625,"f":-2.274658203125},"children":[{"name":"長方形 171","type":"rectangle","bounds":{"width":196.0225830078125,"height":43.125,"x":1155.5662841796875,"y":6032.109375},"style":{"fill":{"type":"color","rgba":"rgba(0, 56, 148, 255)","hex":"#003894"}},"id":"e1d54c2a-a82e-49f3-bbb5-345633bbf4e5","transform":{"a":1,"b":0,"c":0,"d":1,"e":535.5062255859375,"f":3974.384033203125},"children":[]},{"name":"グループ 593","type":"group","bounds":{"width":115.9254150390625,"height":19.2373046875,"x":1217.5767822265625,"y":6043.8720703125},"style":{},"id":"07958309-5e1b-4966-82b3-68d28fdd214b","transform":{"a":1,"b":0,"c":0,"d":1,"e":0,"f":0},"children":[{"name":"詳しく見る","type":"text","bounds":{"width":72,"height":19,"x":1217.5767822265625,"y":6043.8720703125},"style":{"fontFamily":"Noto Sans JP","fontSize":13,"fontStyle":"Bold","textAlign":"center","lineHeight":54.861751556396484,"letterSpacing":140,"fill":{"type":"color","rgba":"rgba(255, 255, 255, 255)","hex":"#FFFFFF"}},"id":"cd235df0-e26e-47e7-95e4-d627d02fec74","transform":{"a":1,"b":0,"c":0,"d":1,"e":633.5167236328125,"f":4001.146728515625},"text":"詳しく見る","children":[]},{"name":"パス 71","type":"path","bounds":{"width":8.67724609375,"height":17.3544921875,"x":1324.824951171875,"y":6045.7548828125},"style":{"stroke":{"color":{"type":"color","rgba":"rgba(255, 255, 255, 255)","hex":"#FFFFFF"},"width":0.6353165507316589}},"id":"7be74ce6-e86a-4bd7-9f64-b95cd6e0e43d","transform":{"a":1,"b":0,"c":0,"d":1,"e":0,"f":0},"children":[]}]}]},{"name":"top-equipment_sp","type":"group","bounds":{"width":323.327880859375,"height":265.4951171875,"x":1094.1534423828125,"y":5437.287109375},"style":{},"id":"c1f8554f-279a-4845-96e8-bc8b852adff6","transform":{"a":1,"b":0,"c":0,"d":1,"e":0,"f":0},"children":[{"name":"長方形 180","type":"rectangle","bounds":{"width":275.7073974609375,"height":231.61767578125,"x":1141.77392578125,"y":5437.287109375},"style":{"fill":{"type":"image"}},"id":"01fa6c5b-14e8-4e0e-a2a1-4a3d99a2e9b9","transform":{"a":1,"b":0,"c":0,"d":1,"e":76.77392578125,"f":3377.287109375},"children":[]},{"name":"長方形 181","type":"rectangle","bounds":{"width":163.59130859375,"height":212.5107421875,"x":1094.1534423828125,"y":5490.271484375},"style":{"fill":{"type":"image"}},"id":"3cec489a-2f98-4c7d-a78a-38a187e428ad","transform":{"a":1,"b":0,"c":0,"d":1,"e":29.1534423828125,"f":3430.271484375},"children":[]}]}]}]}]}