{"artboards":[{"name":"グループ 612","type":"group","bounds":{"width":1439.9998779296875,"height":454.5048828125,"x":1580.2349853515625,"y":4396.6611328125},"style":{},"id":"28ccbbc7-bb03-4710-9be6-a1ac22f56b7c","transform":{"a":1,"b":0,"c":0,"d":1,"e":0,"f":0},"children":[{"name":"長方形 150","type":"rectangle","bounds":{"width":1439.9998779296875,"height":454.5048828125,"x":1580.2349853515625,"y":4396.6611328125},"style":{"fill":{"type":"color","rgba":"rgba(51, 51, 51, 255)","hex":"#333333"}},"id":"35ebe51d-bc90-4406-b207-9cc47053e39e","transform":{"a":1,"b":0,"c":0,"d":1,"e":0,"f":4396.6611328125},"children":[]},{"name":"グループ 603","type":"group","bounds":{"width":698.2451171875,"height":425.41455078125,"x":2307.888916015625,"y":4411.65185546875},"style":{},"id":"889b683b-9ef8-464f-a8c7-08636b8ee758","transform":{"a":1,"b":0,"c":0,"d":1,"e":0,"f":0},"children":[{"name":"グループ 602","type":"group","bounds":{"width":698.2451171875,"height":425.41455078125,"x":2307.888916015625,"y":4411.65185546875},"style":{},"id":"e34ae5f3-ffb8-4cac-8ea7-88dcee1db721","transform":{"a":1,"b":0,"c":0,"d":1,"e":0,"f":0},"children":[{"name":"page-links-recruitment-bg","type":"group","bounds":{"width":698.2451171875,"height":425.41455078125,"x":2307.888916015625,"y":4411.65185546875},"style":{},"id":"b59bdba8-0aee-45d1-a344-b2cbaf9e176d","transform":{"a":1,"b":0,"c":0,"d":1,"e":0,"f":0},"children":[{"name":"グループ 102","type":"group","bounds":{"width":698.2451171875,"height":425.41455078125,"x":2307.888916015625,"y":4411.65185546875},"style":{},"id":"b5601d65-6428-472b-9353-9ab4d53e3398","transform":{"a":1,"b":0,"c":0,"d":1,"e":-1580.2349853515625,"f":0},"children":[{"name":"グループ 101","type":"group","bounds":{"width":698.2451171875,"height":425.41455078125,"x":2307.888916015625,"y":4411.65185546875},"style":{},"id":"b8ebb802-6c7b-4df4-9e57-56155181cc68","transform":{"a":1,"b":0,"c":0,"d":1,"e":0,"f":0},"children":[{"name":"長方形 160","type":"rectangle","bounds":{"width":1008.59228515625,"height":672.39501953125,"x":2118.3759765625,"y":4396.42724609375},"style":{"fill":{"type":"image"}},"id":"70cadaee-2651-409d-95e0-4158fce3f787","transform":{"a":1,"b":0,"c":0,"d":1,"e":2118.3759765625,"f":4396.42724609375},"children":[]},{"name":"長方形 161","type":"rectangle","bounds":{"width":698.2451171875,"height":425.41455078125,"x":2307.888916015625,"y":4411.65185546875},"style":{},"id":"78424751-d633-4f84-b60d-a3dc248960c5","transform":{"a":1,"b":0,"c":0,"d":1,"e":2307.888916015625,"f":4411.65185546875},"children":[]}]}]},{"name":"長方形 162","type":"rectangle","bounds":{"width":697.967041015625,"height":425.41455078125,"x":2307.888916015625,"y":4411.65185546875},"style":{"opacity":0.30000001192092896,"fill":{"type":"color","rgba":"rgba(0, 0, 0, 255)","hex":"#000000"}},"id":"ce7202d1-dd87-4e01-b8cb-ac87f93c7b25","transform":{"a":1,"b":0,"c":0,"d":1,"e":727.6539306640625,"f":4411.65185546875},"children":[]}]},{"name":"グループ 601","type":"group","bounds":{"width":277.68896484375,"height":203.828125,"x":2524.374755859375,"y":4570.5576171875},"style":{},"id":"16ec1010-19e0-4f9f-a50d-34c144e2450e","transform":{"a":1,"b":0,"c":0,"d":1,"e":0,"f":0},"children":[{"name":"グループ 103","type":"group","bounds":{"width":166,"height":99.4765625,"x":2575.305419921875,"y":4570.5576171875},"style":{},"id":"9ad796a9-61d4-4804-b785-8c374c9289c4","transform":{"a":1,"b":0,"c":0,"d":1,"e":-1580.2349853515625,"f":0},"children":[{"name":"採用情報","type":"text","bounds":{"width":164,"height":60,"x":2576.304931640625,"y":4570.5576171875},"style":{"fontFamily":"Noto Sans JP","fontSize":41.19129180908203,"fontStyle":"Bold","textAlign":"center","lineHeight":72.08476257324219,"fill":{"type":"color","rgba":"rgba(255, 255, 255, 255)","hex":"#FFFFFF"}},"id":"b0d0c081-1844-45fa-836a-ff063fb4553a","transform":{"a":1,"b":0,"c":0,"d":1,"e":2658.304931640625,"f":4618.5576171875},"text":"採用情報","children":[]},{"name":"RECRUITMENT","type":"text","bounds":{"width":166,"height":36,"x":2575.305419921875,"y":4634.0341796875},"style":{"fontFamily":"Noto Sans JP","fontSize":25,"fontStyle":"Light","textAlign":"center","lineHeight":30.000001907348633,"fill":{"type":"color","rgba":"rgba(255, 255, 255, 255)","hex":"#FFFFFF"}},"id":"d940aa63-174f-4626-b927-c337c4be769f","transform":{"a":1,"b":0,"c":0,"d":1,"e":2658.305419921875,"f":4663.0341796875},"text":"RECRUITMENT","children":[]}]},{"name":"グループ 112","type":"group","bounds":{"width":277.68896484375,"height":61.091796875,"x":2524.374755859375,"y":4713.2939453125},"style":{},"id":"9f565041-6213-4098-9e0d-069a1cebb251","transform":{"a":1,"b":0,"c":0,"d":1,"e":-1580.2349853515625,"f":0},"children":[{"name":"グループ 572","type":"group","bounds":{"width":277.68896484375,"height":61.091796875,"x":2524.374755859375,"y":4713.2939453125},"style":{},"id":"fe006bb8-27b3-4a13-a113-b49ea7251f56","transform":{"a":1,"b":0,"c":0,"d":1,"e":0,"f":0},"children":[{"name":"長方形 168","type":"rectangle","bounds":{"width":277.68896484375,"height":61.091796875,"x":2524.374755859375,"y":4713.2939453125},"style":{"fill":{"type":"color","rgba":"rgba(0, 56, 148, 255)","hex":"#003894"}},"id":"7315c07a-1efb-4dcf-aa82-f0d8b69a2658","transform":{"a":1,"b":0,"c":0,"d":1,"e":2524.374755859375,"f":4713.2939453125},"children":[]},{"name":"グループ 571","type":"group","bounds":{"width":163.222900390625,"height":27.00146484375,"x":2613.218994140625,"y":4730.2080078125},"style":{},"id":"b4a616e8-aa1b-464a-97a9-25be0cb6dd1d","transform":{"a":1,"b":0,"c":0,"d":1,"e":0,"f":0},"children":[{"name":"詳しく見る","type":"text","bounds":{"width":100,"height":26,"x":2613.218994140625,"y":4730.2080078125},"style":{"fontFamily":"Noto Sans JP","fontSize":18,"fontStyle":"Bold","textAlign":"center","lineHeight":77.71807098388672,"letterSpacing":140,"fill":{"type":"color","rgba":"rgba(255, 255, 255, 255)","hex":"#FFFFFF"}},"id":"974fb684-0a4e-493e-acf5-58b37ea48baa","transform":{"a":1,"b":0,"c":0,"d":1,"e":2663.218994140625,"f":4751.2080078125},"text":"詳しく見る","children":[]},{"name":"パス 87","type":"path","bounds":{"width":12.292236328125,"height":24.5849609375,"x":2764.149658203125,"y":4732.62451171875},"style":{"stroke":{"color":{"type":"color","rgba":"rgba(255, 255, 255, 255)","hex":"#FFFFFF"},"width":0.8999999761581421}},"id":"f414c220-a60e-4251-82d1-4e566d786a01","transform":{"a":1,"b":0,"c":0,"d":1,"e":0,"f":0},"children":[]}]}]}]}]}]}]},{"name":"グループ 613","type":"group","bounds":{"width":699.1121826171875,"height":425.41455078125,"x":1594.5577392578125,"y":4411.7626953125},"style":{},"id":"e8e2f218-2e7f-4cbe-aa2c-4998d5fa8795","transform":{"a":1,"b":0,"c":0,"d":1,"e":0,"f":0},"children":[{"name":"page-links-company-bg","type":"group","bounds":{"width":699.1121826171875,"height":425.41455078125,"x":1594.5577392578125,"y":4411.7626953125},"style":{},"id":"c9994fb4-8b9b-4e5a-860f-3e0988944620","transform":{"a":1,"b":0,"c":0,"d":1,"e":0,"f":0},"children":[{"name":"グループ 97","type":"group","bounds":{"width":699.1119384765625,"height":425.41455078125,"x":1594.5577392578125,"y":4411.7626953125},"style":{},"id":"039cc5ae-eb5e-4b45-ad09-7c2689cee59f","transform":{"a":1,"b":0,"c":0,"d":1,"e":-1580.2349853515625,"f":0},"children":[{"name":"グループ 96","type":"group","bounds":{"width":699.1119384765625,"height":425.41455078125,"x":1594.5577392578125,"y":4411.7626953125},"style":{},"id":"34a22080-25c8-4f0a-90bc-41a2c0f88fde","transform":{"a":1,"b":0,"c":0,"d":1,"e":0,"f":0},"children":[{"name":"長方形 155","type":"rectangle","bounds":{"width":965.111328125,"height":643.40771484375,"x":1416.390869140625,"y":4351.28173828125},"style":{"fill":{"type":"image"}},"id":"3b986ffd-9c49-4d1c-882f-c480bc50f859","transform":{"a":1,"b":0,"c":0,"d":1,"e":1416.390869140625,"f":4351.28173828125},"children":[]},{"name":"長方形 156","type":"rectangle","bounds":{"width":699.1119384765625,"height":425.41455078125,"x":1594.5577392578125,"y":4411.7626953125},"style":{},"id":"df2d25bf-5912-4c35-8729-ea0aedb4c21b","transform":{"a":1,"b":0,"c":0,"d":1,"e":1594.5577392578125,"f":4411.7626953125},