{"artboards":[{"name":"グループ 611","type":"group","bounds":{"width":375,"height":483.98046875,"x":1065,"y":6123.46875},"style":{},"id":"d7618cb3-e13e-4340-bc32-c3e816f8b21b","transform":{"a":1,"b":0,"c":0,"d":1,"e":0,"f":0},"children":[{"name":"グループ 177","type":"group","bounds":{"width":375,"height":483.98046875,"x":1065,"y":6123.46875},"style":{},"id":"f38e9792-ae8c-45c2-bd36-639323a0629c","transform":{"a":1,"b":0,"c":0,"d":1,"e":0,"f":0},"children":[{"name":"長方形 158","type":"rectangle","bounds":{"width":375,"height":483.98046875,"x":1065,"y":6123.46875},"style":{"fill":{"type":"color","rgba":"rgba(51, 51, 51, 255)","hex":"#333333"}},"id":"6fe32e94-2c9b-47ac-8acf-80840903a8b8","transform":{"a":1,"b":0,"c":0,"d":1,"e":0,"f":4063.46875},"children":[]}]},{"name":"グループ 610","type":"group","bounds":{"width":315.2489013671875,"height":395.703125,"x":1094.727783203125,"y":6191.517578125},"style":{},"id":"9315bea8-8d98-4457-a69e-1b19f53121de","transform":{"a":1,"b":0,"c":0,"d":1,"e":0,"f":0},"children":[{"name":"グループ 607","type":"group","bounds":{"width":314.8580322265625,"height":191.8310546875,"x":1094.9813232421875,"y":6395.3896484375},"style":{},"id":"57891774-a6fa-4143-b6ba-24cda477bd74","transform":{"a":1,"b":0,"c":0,"d":1,"e":0,"f":0},"children":[{"name":"グループ 605","type":"group","bounds":{"width":314.8580322265625,"height":191.8310546875,"x":1094.9813232421875,"y":6395.3896484375},"style":{},"id":"e8f99c55-463c-4075-bda8-83608b689944","transform":{"a":1,"b":0,"c":0,"d":1,"e":0,"f":0},"children":[{"name":"グループ 132","type":"group","bounds":{"width":314.8580322265625,"height":191.8310546875,"x":1094.9813232421875,"y":6395.3896484375},"style":{},"id":"738a32f9-2d67-4b1b-b5bd-7dae86fc84ff","transform":{"a":1,"b":0,"c":0,"d":1,"e":-444.93994140625,"f":-2.274658203125},"children":[{"name":"グループ 131","type":"group","bounds":{"width":314.8580322265625,"height":191.8310546875,"x":1094.9813232421875,"y":6395.3896484375},"style":{},"id":"4a910e9e-99cc-472d-88b5-067a134f8d4e","transform":{"a":1,"b":0,"c":0,"d":1,"e":0,"f":0},"children":[{"name":"長方形 177","type":"rectangle","bounds":{"width":454.8021240234375,"height":303.201171875,"x":1009.5247802734375,"y":6388.5244140625},"style":{"fill":{"type":"image"}},"id":"920b6092-ee3b-42c6-8da3-612d2a73b004","transform":{"a":1,"b":0,"c":0,"d":1,"e":389.4646911621094,"f":4330.79931640625},"children":[]},{"name":"長方形 178","type":"rectangle","bounds":{"width":314.8580322265625,"height":191.8310546875,"x":1094.9813232421875,"y":6395.3896484375},"style":{},"id":"7ec721af-a3da-407c-8527-6dcdb5fb076c","transform":{"a":1,"b":0,"c":0,"d":1,"e":474.9212341308594,"f":4337.66455078125},"children":[]}]}]},{"name":"長方形 179","type":"rectangle","bounds":{"width":314.732666015625,"height":191.8310546875,"x":1094.9813232421875,"y":6395.3896484375},"style":{"opacity":0.30000001192092896,"fill":{"type":"color","rgba":"rgba(0, 0, 0, 255)","hex":"#000000"}},"id":"f25cad4f-ddf1-411c-a483-4bc2f32ff379","transform":{"a":1,"b":0,"c":0,"d":1,"e":29.9813232421875,"f":4335.3896484375},"children":[]}]},{"name":"グループ 606","type":"group","bounds":{"width":190.6534423828125,"height":120.14453125,"x":1157.3096923828125,"y":6443.7373046875},"style":{},"id":"e20554ed-9d06-4d06-a129-345399e90927","transform":{"a":1,"b":0,"c":0,"d":1,"e":0,"f":0},"children":[{"name":"グループ 134","type":"group","bounds":{"width":114,"height":60.8671875,"x":1192.262451171875,"y":6443.7373046875},"style":{},"id":"f9fb5286-406f-4690-8973-22f2fdfb9535","transform":{"a":1,"b":0,"c":0,"d":1,"e":-444.93994140625,"f":-2.274658203125},"children":[{"name":"採用情報","type":"text","bounds":{"width":114,"height":41,"x":1192.262451171875,"y":6443.7373046875},"style":{"fontFamily":"Noto Sans JP","fontSize":28.280799865722656,"fontStyle":"Bold","textAlign":"center","lineHeight":49.49140167236328,"fill":{"type":"color","rgba":"rgba(255, 255, 255, 255)","hex":"#FFFFFF"}},"id":"5dbdfff5-452f-4d06-aff7-a94e247e0d67","transform":{"a":1,"b":0,"c":0,"d":1,"e":629.202392578125,"f":4419.01220703125},"text":"採用情報","children":[]},{"name":"RECRUITMENT","type":"text","bounds":{"width":80,"height":17,"x":1209.262939453125,"y":6487.6044921875},"style":{"fontFamily":"Noto Sans JP","fontSize":12,"fontStyle":"Light","textAlign":"center","lineHeight":14.40000057220459,"fill":{"type":"color","rgba":"rgba(255, 255, 255, 255)","hex":"#FFFFFF"}},"id":"9824cd91-7d5f-4911-95f1-59c90611de44","transform":{"a":1,"b":0,"c":0,"d":1,"e":629.202880859375,"f":4443.87890625},"text":"RECRUITMENT","children":[]}]},{"name":"グループ 135","type":"group","bounds":{"width":190.6534423828125,"height":41.943359375,"x":1157.3096923828125,"y":6521.9384765625},"style":{},"id":"c02d91ad-d79f-4cd6-a96a-791b3630fb46","transform":{"a":1,"b":0,"c":0,"d":1,"e":-444.93994140625,"f":-2.274658203125},"children":[{"name":"長方形 182","type":"rectangle","bounds":{"width":190.6534423828125,"height":41.94384765625,"x":1157.3096923828125,"y":6521.9384765625},"style":{"fill":{"type":"color","rgba":"rgba(0, 56, 148, 255)","hex":"#003894"}},"id":"f9faaa13-a01a-48cb-bb22-cdd6402be592","transform":{"a":1,"b":0,"c":0,"d":1,"e":537.2496337890625,"f":4464.212890625},"children":[]},{"name":"詳しく見る","type":"text","bounds":{"width":68,"height":18,"x":1218.636474609375,"y":6533.9697265625},"style":{"fontFamily":"Noto Sans JP","fontSize":12.35830020904541,"fontStyle":"Bold","textAlign":"center","lineHeight":53.35908126831055,"letterSpacing":140,"fill":{"type":"color","rgba":"rgba(255, 255, 255, 255)","hex":"#FFFFFF"}},"id":"d9402e0a-1017-4801-aea1-db40e34ad87d","transform":{"a":1,"b":0,"c":0,"d":1,"e":632.576416015625,"f":4490.244140625},"text":"詳しく見る","children":[]},{"name":"パス 72","type":"path","bounds":{"width":8.439697265625,"height":16.87890625,"x":1321.932373046875,"y":6535.2099609375},"style":{"stroke":{"color":{"type":"color","rgba":"rgba(255, 255, 255, 255)","hex":"#FFFFFF"},"width":0.6179150938987732}},"id":"20d22bfe-e768-4eec-b43d-75f2fd859dbc","transform":{"a":1,"b":0,"c":0,"d":1,"e":0,"f":0},"children":[]}]}]}]},{"name":"グループ 609","type":"group","bounds":{"width":315.2489013671875,"height":191.8310546875,"x":1094.727783203125,"y":6191.517578125},"style":{},"id":"8ad8145a-a02b-440e-9faa-62a8eb0d3a13","transform":{"a":1,"b":0,"c":0,"d":1,"e":0,"f":0},"children":[{"name":"グループ 604","type":"group","bounds":{"width":315.2489013671875,"height":191.8310546875,"x":1094.727783203125,"y":6191.517578125},"style":{},"id":"5a46fa9e-8624-4695-9198-fcce28e7d0d8","transform":{"a":1,"b":0,"c":0,"d":1,"e":0,"f":0},"children":[{"name":"グループ 130","type":"group","bounds":{"width":315.2489013671875,"height":191.8310546875,"x":1094.727783203125,"y":6191.517578125},"style":{},"id":"96a2509c-9ebc-4c92-86ab-1d38da2237f0","transform":{"a":1,"b":0,"c":0,"d":1,"e":-444.93994140625,"f":-2.274658203125},"children":[{"name":"グループ 129","type":"group","bounds":{"width":315.2489013671875,"height":191.8310546875,"x":1094.727783203125,"y":6191.517578125},"style":{},"id":"da747ebd-c257-4c59-84d3-2ea0b1b5c581","transform":{"a":1,"b":0,"c":0,"d":1,"e":0,"f":0},"children":[{"name":"長方形 174","type":"rectangle","bounds":{"width":435.19537353515625,"height":290.13037109375,"x":1014.3873901367188,"y":6164.2451171875},"style":{"fill":{"type":"image"}},"id":"e37d33cb-e7c0-49cb-9951-0cd82a533bec","transform":{"a":1,"b":0,"c":0,"d":1,"e":394.32733154296875,"f":4106.52001953125},"children":[]},{"name":"長方形 175","type":"rectangle","bounds":{"width":315.2489013671875,"height":191.8310546875,"x":1094.727783203125,"y":6191.517578125},"style":{},"id":"0602399a-2a63-4812-9cd6-8780d83deca2","transform":{"a":1,"b":0,"c":0,"d":1,"e":474.6676940917969,"f":4133.79248046875},"children":[]}]}]},{"name":"長方形 176","type":"rectangle","bounds":{"width":315.1326904296875,"height":191.8310546875,"x":1094.843994140625,"y":6191.517578125},"style":{"opacity":0.30000001192092896,"fill":{"type":"color","rgba":"rgba(0, 0, 0, 255)","hex":"#000000"}},"id":"92c50fce-1ec2-46f3-bb73-7b7f08595e02","transform":{"a":1,"b":0,"c":0,"d":1,