{"artboards":[{"name":"グループ 942","type":"group","bounds":{"width":375,"height":927.514404296875,"x":11427.0458984375,"y":1434.60595703125},"style":{},"id":"8ebb33f2-eefb-4df9-815b-c115b65cf430","transform":{"a":1,"b":0,"c":0,"d":1,"e":0,"f":0},"children":[{"name":"長方形 50","type":"rectangle","bounds":{"width":375,"height":927.514404296875,"x":11427.0458984375,"y":1434.60595703125},"style":{"fill":{"type":"color","rgba":"rgba(230, 230, 230, 255)","hex":"#E6E6E6"}},"id":"9bd1f215-4d4a-49a7-bf32-6e2f4c99e892","transform":{"a":1,"b":0,"c":0,"d":1,"e":0.0458984375,"f":1434.60595703125},"children":[]},{"name":"グループ 941","type":"group","bounds":{"width":335,"height":841.44677734375,"x":11455.7138671875,"y":1486.506591796875},"style":{},"id":"b95513bd-7f30-4197-8d5f-b60b310bf2f8","transform":{"a":1,"b":0,"c":0,"d":1,"e":0,"f":0},"children":[{"name":"グループ 928","type":"group","bounds":{"width":315.361328125,"height":437.3463134765625,"x":11457.4423828125,"y":1486.506591796875},"style":{},"id":"6bfa2ad5-dea0-4c21-9d4f-bf0a57ae9aa6","transform":{"a":1,"b":0,"c":0,"d":1,"e":0,"f":0},"children":[{"name":"グループ 927","type":"group","bounds":{"width":315.361328125,"height":402.4459228515625,"x":11457.4423828125,"y":1486.506591796875},"style":{},"id":"f9b2acc0-99b6-4f78-9d57-b89dffee1b0a","transform":{"a":1,"b":0,"c":0,"d":1,"e":0,"f":0},"children":[{"name":"職人の技術と最新設備の融合","type":"text","bounds":{"width":273,"height":30,"x":11457.443359375,"y":1545.691650390625},"style":{"fontFamily":"Noto Sans JP","fontSize":21,"fontStyle":"Bold","textAlign":"left","lineHeight":36,"fill":{"type":"color","rgba":"rgba(0, 0, 0, 255)","hex":"#000000"}},"id":"367b06e6-2f2a-47e2-853e-b338747dd155","transform":{"a":1,"b":0,"c":0,"d":1,"e":30.443359375,"f":1569.691650390625},"text":"職人の技術と最新設備の融合","children":[]},{"name":"スローガン","type":"text","bounds":{"width":90,"height":26,"x":11457.4453125,"y":1486.506591796875},"style":{"fontFamily":"Noto Sans JP","fontSize":18,"fontStyle":"Bold","textAlign":"left","lineHeight":31.5,"fill":{"type":"color","rgba":"rgba(0, 56, 148, 255)","hex":"#003894"}},"id":"4d549475-e5dc-43ac-960a-eb75fe72aeeb","transform":{"a":1,"b":0,"c":0,"d":1,"e":30.4453125,"f":1507.506591796875},"text":"スローガン","children":[]},{"name":"グループ 926","type":"group","bounds":{"width":315.361328125,"height":300.3482666015625,"x":11457.4423828125,"y":1588.604248046875},"style":{},"id":"f8e23c01-83ce-4e4a-b3ea-2b41cfbced95","transform":{"a":1,"b":0,"c":0,"d":1,"e":0,"f":0},"children":[{"name":"受け継がれる職人の技。進化を続ける最新設備。\nその融合が、常識を超える品質を生み出します。","type":"text","bounds":{"width":308,"height":41,"x":11457.4423828125,"y":1588.604248046875},"style":{"fontFamily":"Noto Sans JP","fontSize":14,"fontStyle":"Bold","textAlign":"left","lineHeight":21,"fill":{"type":"color","rgba":"rgba(0, 0, 0, 255)","hex":"#000000"}},"id":"42975426-2adb-4ba2-aaa9-e72b948c2c82","transform":{"a":1,"b":0,"c":0,"d":1,"e":30.4423828125,"f":1604.604248046875},"text":"受け継がれる職人の技。進化を続ける最新設備。\nその融合が、常識を超える品質を生み出します。","children":[]},{"name":"一つひとつの工程に宿る熟練の技術と、精度を極限まで高めるテクノロジー。\nその両輪によって、私たちは安定した高品質と、時代のニーズに応える柔軟なものづくりを実現しています。\n\n私たちは、人の手だからこそ生まれる繊細さと、機械だからこそ実現できる正確さ、\nそのどちらも妥協することなく追求し続けています。\n目に見える品質だけでなく、その先にある安心や信頼まで届けること。\nそれが、私たちの使命です。\n","type":"text","bounds":{"width":315.3603515625,"height":240.5777587890625,"x":11457.443359375,"y":1648.374755859375},"style":{"fontFamily":"Noto Sans JP","fontSize":12,"fontStyle":"Medium","textAlign":"left","lineHeight":22,"letterSpacing":-40,"fill":{"type":"color","rgba":"rgba(0, 0, 0, 255)","hex":"#000000"}},"id":"097a16bc-347e-4fd8-8f36-aa47b09f2b28","transform":{"a":1,"b":0,"c":0,"d":1,"e":30.443359375,"f":1648.374755859375},"text":"一つひとつの工程に宿る熟練の技術と、精度を極限まで高めるテクノロジー。\nその両輪によって、私たちは安定した高品質と、時代のニーズに応える柔軟なものづくりを実現しています。\n\n私たちは、人の手だからこそ生まれる繊細さと、機械だからこそ実現できる正確さ、\nそのどちらも妥協することなく追求し続けています。\n目に見える品質だけでなく、その先にある安心や信頼まで届けること。\nそれが、私たちの使命です。\n","children":[]}]}]},{"name":"線 79","type":"line","bounds":{"width":313.990234375,"height":0,"x":11458.8125,"y":1923.8529052734375},"style":{"stroke":{"color":{"type":"color","rgba":"rgba(35, 24, 21, 255)","hex":"#231815"},"width":0.5}},"id":"45bf12dd-8572-4606-8adb-9b4a1104dad3","transform":{"a":1,"b":0,"c":0,"d":1,"e":31.8125,"f":1923.8529052734375},"children":[]}]},{"name":"グループ 940","type":"group","bounds":{"width":335,"height":366.0054931640625,"x":11455.7138671875,"y":1961.9478759765625},"style":{},"id":"5bf549e7-0967-4ed7-a0eb-9603e21870a0","transform":{"a":1,"b":0,"c":0,"d":1,"e":0,"f":0},"children":[{"name":"基本方針","type":"text","bounds":{"width":72,"height":26,"x":11457.4453125,"y":1961.9478759765625},"style":{"fontFamily":"Noto Sans JP","fontSize":18,"fontStyle":"Bold","textAlign":"left","lineHeight":31.5,"fill":{"type":"color","rgba":"rgba(0, 56, 148, 255)","hex":"#003894"}},"id":"4b842c34-3e10-42f5-87e9-091090ac055a","transform":{"a":1,"b":0,"c":0,"d":1,"e":30.4453125,"f":1982.9478759765625},"text":"基本方針","children":[]},{"name":"グループ 939","type":"group","bounds":{"width":335,"height":309.1064453125,"x":11455.7138671875,"y":2018.846923828125},"style":{},"id":"382a00cc-91a0-4f24-912d-bb0488c98d1f","transform":{"a":1,"b":0,"c":0,"d":1,"e":0,"f":0},"children":[{"name":"人と技術の可能性を最大限に引き出し、新たな価値を創造し続ける。\nこれからも私たちは、伝統と革新を融合させながら、\n次の時代へとつながるものづくりに挑戦し続けます。","type":"text","bounds":{"width":315.3603515625,"height":91.22802734375,"x":11457.443359375,"y":2236.725341796875},"style":{"fontFamily":"Noto Sans JP","fontSize":12,"fontStyle":"Medium","textAlign":"left","lineHeight":22,"letterSpacing":-40,"fill":{"type":"color","rgba":"rgba(0, 0, 0, 255)","hex":"#000000"}},"id":"77f335c3-22c7-4cc1-8921-f5f9be2394bc","transform":{"a":1,"b":0,"c":0,"d":1,"e":30.443359375,"f":2236.725341796875},"text":"人と技術の可能性を最大限に引き出し、新たな価値を創造し続ける。\nこれからも私たちは、伝統と革新を融合させながら、\n次の時代へとつながるものづくりに挑戦し続けます。","children":[]},{"name":"グループ 938","type":"group","bounds":{"width":335,"height":199.45068359375,"x":11455.7138671875,"y":2018.846923828125},"style":{},"id":"968920a6-6e95-4e55-891b-35c0f1e2ddde","transform":{"a":1,"b":0,"c":0,"d":1,"e":0,"f":0},"children":[{"name":"グループ 930","type":"group","bounds":{"width":317.0888671875,"height":61.24462890625,"x":11455.7138671875,"y":2018.846923828125},"style":{},"id":"4e2e0590-279c-4378-8d34-6ed80b49e0b5","transform":{"a":1,"b":0,"c":0,"d":1,"e":0,"f":0},"children":[{"name":"グループ 929","type":"group","bounds":{"width":287,"height":49.19921875,"x":11455.7138671875,"y":2018.846923828125},"style":{},"id":"def02d63-89eb-427d-83e8-644e6cef19c1","transform":{"a":1,"b":0,"c":0,"d":1,"e":0,"f":0},"children":[{"name":"品質","type":"text","bounds":{"width":38,"height":27,"x":11456.630859375,"y":2018.846923828125},"style":{"fontFamily":"Noto Sans JP","fontSize":19,"fontStyle":"Bold","textAlign":"left","lineHeight":36,"fill":{"type":"color","rgba":"rgba(0, 0, 0, 255)","hex":"#000000"}},"id":"e959c032-f6b3-4eda-a718-a4948ebbbd0a","transform":{"a":1,"b":0,"c":0,"d":1,"e":29.630859375,"f":2040.846923828125},"text":"品質","children":[]},{"name":"常に高精度を追求し、安定した品質でお応えします。","type":"text","bounds":{"width":287,"height":17,"x":11455.7138671875,"y":2051.046142578125},"style":{"fontFamily":"NotoSansJP-Medium","fontSize":12,"textAlign":"left","lineHeight":24,"fill":{"type":"color","rgba":"rgba(0, 0, 0, 255)","hex":"#000000"}},"id":"50e64ccc-caaf-46c9-a8d7-e7e5aed98f64","transform":{"a":1,"b":0,"c":0,"d":1,"e":28.7138671875,"f":2065.046142578125},"text":"常に高精度を追求し、安定した品質でお応えします。","children":[]}]},{"name":"線 80","type":"line","bounds":{"width":313.990234375,"height":0,"x":11458.8125,"y":2080.091552734375},"style":{"stroke":{"color":{"type":"color","rgba":"rgba(35, 24, 21, 255)","hex":"#231815"},"width":0.5}},"id":"7e2a17b0-2886-4de0-b0fe-0bcb614dcc58","transform":{"a":1,"b":0,"c":0,"d":1,"e":31.8125,"f":2080.091552734375},"children":[]}]},{"name":"グループ 932","type":"group","bounds":{"width":334,"height":61.460693359375,"x":11455.7138671875,"y":2088.555419921875},"style":{},"id":"5fec6902-b562-46f4-8bea-35390cfd7497","transform":{"a":1,"b":0,"c":0,"d":1,"e":0,"f":0},