{"artboards":[{"name":"グループ 925","type":"group","bounds":{"width":1440,"height":1187,"x":9864,"y":1808},"style":{},"id":"5d68d5b8-12d3-4dcd-9a0c-8e516b78ab87","transform":{"a":1,"b":0,"c":0,"d":1,"e":0,"f":0},"children":[{"name":"長方形 220","type":"rectangle","bounds":{"width":1440,"height":1187,"x":9864,"y":1808},"style":{"fill":{"type":"color","rgba":"rgba(255, 255, 255, 255)","hex":"#FFFFFF"}},"id":"a7008fac-3fc2-4a10-a52d-c2c68eef5f5c","transform":{"a":1,"b":0,"c":0,"d":1,"e":-0.4970703125,"f":1808},"children":[]},{"name":"グループ 924","type":"group","bounds":{"width":1204.2138671875,"height":1072.0509033203125,"x":9981.60546875,"y":1867.6141357421875},"style":{},"id":"4080a0e7-78e8-4718-a7a4-12e555d4ae0c","transform":{"a":1,"b":0,"c":0,"d":1,"e":0,"f":0},"children":[{"name":"グループ 923","type":"group","bounds":{"width":1071.4638671875,"height":955.697509765625,"x":10046.81640625,"y":1918.971435546875},"style":{},"id":"7228f020-e6eb-43e7-873f-17358b0bc594","transform":{"a":1,"b":0,"c":0,"d":1,"e":0,"f":0},"children":[{"name":"グループ 921","type":"group","bounds":{"width":447.8193359375,"height":458.3740234375,"x":10046.81640625,"y":2416.294921875},"style":{},"id":"f52a421d-e018-4c39-aef5-6117e2af7474","transform":{"a":1,"b":0,"c":0,"d":1,"e":0,"f":0},"children":[{"name":"基本方針","type":"text","bounds":{"width":144,"height":52,"x":10046.81640625,"y":2416.294921875},"style":{"fontFamily":"Noto Sans JP","fontSize":36,"fontStyle":"Bold","textAlign":"left","lineHeight":63,"fill":{"type":"color","rgba":"rgba(0, 56, 148, 255)","hex":"#003894"}},"id":"434a5f92-9271-4004-b33e-22f432f76a93","transform":{"a":1,"b":0,"c":0,"d":1,"e":182.3193359375,"f":2458.294921875},"text":"基本方針","children":[]},{"name":"グループ 920","type":"group","bounds":{"width":446,"height":356.49755859375,"x":10048.6357421875,"y":2518.17138671875},"style":{},"id":"6c6156de-2f0a-477e-8f12-9a033b96db9f","transform":{"a":1,"b":0,"c":0,"d":1,"e":0,"f":0},"children":[{"name":"グループ 936","type":"group","bounds":{"width":446,"height":356.49755859375,"x":10048.6357421875,"y":2518.17138671875},"style":{},"id":"69f9b6ba-b281-447a-9c0a-b90e6e518ad5","transform":{"a":1,"b":0,"c":0,"d":1,"e":0,"f":0},"children":[{"name":"人と技術の可能性を最大限に引き出し、新たな価値を創造し続ける。\nこれからも私たちは、伝統と革新を融合させながら、\n次の時代へとつながるものづくりに挑戦し続けます。","type":"text","bounds":{"width":434,"height":68,"x":10048.6357421875,"y":2806.6689453125},"style":{"fontFamily":"Noto Sans JP","fontSize":14,"fontStyle":"Medium","textAlign":"left","lineHeight":24,"fill":{"type":"color","rgba":"rgba(0, 0, 0, 255)","hex":"#000000"}},"id":"32585ffd-4411-4779-b771-3d7432ff24a9","transform":{"a":1,"b":0,"c":0,"d":1,"e":184.138671875,"f":2822.6689453125},"text":"人と技術の可能性を最大限に引き出し、新たな価値を創造し続ける。\nこれからも私たちは、伝統と革新を融合させながら、\n次の時代へとつながるものづくりに挑戦し続けます。","children":[]},{"name":"グループ 935","type":"group","bounds":{"width":446,"height":258.272705078125,"x":10048.6357421875,"y":2518.17138671875},"style":{},"id":"72af2e93-ceff-4f63-ab41-a80c9a821014","transform":{"a":1,"b":0,"c":0,"d":1,"e":0,"f":0},"children":[{"name":"グループ 916","type":"group","bounds":{"width":382,"height":68.537353515625,"x":10048.6357421875,"y":2518.17138671875},"style":{},"id":"6d48cb69-8bbc-4565-a5c0-ac07d983d54c","transform":{"a":1,"b":0,"c":0,"d":1,"e":0,"f":0},"children":[{"name":"品質","type":"text","bounds":{"width":48,"height":35,"x":10049.552734375,"y":2518.17138671875},"style":{"fontFamily":"Noto Sans JP","fontSize":24,"fontStyle":"Bold","textAlign":"left","lineHeight":36,"fill":{"type":"color","rgba":"rgba(0, 0, 0, 255)","hex":"#000000"}},"id":"6d424259-e144-45e1-9fb7-0a1a5fb3391c","transform":{"a":1,"b":0,"c":0,"d":1,"e":185.0556640625,"f":2546.17138671875},"text":"品質","children":[]},{"name":"常に高精度を追求し、安定した品質でお応えします。","type":"text","bounds":{"width":382,"height":24,"x":10048.6357421875,"y":2562.708740234375},"style":{"fontFamily":"NotoSansJP-Medium","fontSize":16,"textAlign":"left","lineHeight":24,"fill":{"type":"color","rgba":"rgba(0, 0, 0, 255)","hex":"#000000"}},"id":"0437803f-2721-42c3-b3c4-52dc22e82c59","transform":{"a":1,"b":0,"c":0,"d":1,"e":184.138671875,"f":2581.708740234375},"text":"常に高精度を追求し、安定した品質でお応えします。","children":[]}]},{"name":"グループ 917","type":"group","bounds":{"width":446,"height":68.537353515625,"x":10048.6357421875,"y":2610.555908203125},"style":{},"id":"92983782-3451-48c6-baba-c1c8802f093f","transform":{"a":1,"b":0,"c":0,"d":1,"e":0,"f":0},"children":[{"name":"納期","type":"text","bounds":{"width":48,"height":35,"x":10049.552734375,"y":2610.555908203125},"style":{"fontFamily":"Noto Sans JP","fontSize":24,"fontStyle":"Bold","textAlign":"left","lineHeight":36,"fill":{"type":"color","rgba":"rgba(0, 0, 0, 255)","hex":"#000000"}},"id":"753fc9c2-b5f2-480e-b238-a4b637a7ebfd","transform":{"a":1,"b":0,"c":0,"d":1,"e":185.0556640625,"f":2638.555908203125},"text":"納期","children":[]},{"name":"確かな工程管理と迅速な判断で、信頼される納期を守ります。","type":"text","bounds":{"width":446,"height":24,"x":10048.6357421875,"y":2655.09326171875},"style":{"fontFamily":"NotoSansJP-Medium","fontSize":16,"textAlign":"left","lineHeight":24,"fill":{"type":"color","rgba":"rgba(0, 0, 0, 255)","hex":"#000000"}},"id":"68597f16-7174-4e74-ae7a-dc52660dc874","transform":{"a":1,"b":0,"c":0,"d":1,"e":184.138671875,"f":2674.09326171875},"text":"確かな工程管理と迅速な判断で、信頼される納期を守ります。","children":[]}]},{"name":"グループ 934","type":"group","bounds":{"width":446,"height":68.537109375,"x":10048.6357421875,"y":2707.906982421875},"style":{},"id":"3c9a75a6-724e-4749-83e1-c0219f9dd3ef","transform":{"a":1,"b":0,"c":0,"d":1,"e":0,"f":0},"children":[{"name":"環境","type":"text","bounds":{"width":48,"height":35,"x":10049.552734375,"y":2707.906982421875},"style":{"fontFamily":"Noto Sans JP","fontSize":24,"fontStyle":"Bold","textAlign":"left","lineHeight":36,"fill":{"type":"color","rgba":"rgba(0, 0, 0, 255)","hex":"#000000"}},"id":"19b74213-8aca-49a2-a572-18d980b9450d","transform":{"a":1,"b":0,"c":0,"d":1,"e":185.0556640625,"f":2735.906982421875},"text":"環境","children":[]},{"name":"地域と環境に配慮し、持続可能なものづくりに取り組みます。","type":"text","bounds":{"width":446,"height":24,"x":10048.6357421875,"y":2752.444091796875},"style":{"fontFamily":"NotoSansJP-Medium","fontSize":16,"textAlign":"left","lineHeight":24,"fill":{"type":"color","rgba":"rgba(0, 0, 0, 255)","hex":"#000000"}},"id":"2204de87-897b-4b67-90a2-8ba6f728c508","transform":{"a":1,"b":0,"c":0,"d":1,"e":184.138671875,"f":2771.444091796875},"text":"地域と環境に配慮し、持続可能なものづくりに取り組みます。","children":[]}]}]}]}]}]},{"name":"グループ 922","type":"group","bounds":{"width":1071.4638671875,"height":453.259521484375,"x":10046.81640625,"y":1918.971435546875},"style":{},"id":"69557465-371a-4f67-92e9-bd8a6f2dc6e5","transform":{"a":1,"b":0,"c":0,"d":1,"e":0,"f":0},"children":[{"name":"線 53","type":"line","bounds":{"width":1070.5283203125,"height":0,"x":10047.751953125,"y":2372.23095703125},"style":{"stroke":{"color":{"type":"color","rgba":"rgba(0, 0, 0, 255)","hex":"#000000"},"width":0.25}},"id":"f416525d-9010-4974-b6db-45ed8de9f3d9","transform":{"a":1,"b":0,"c":0,"d":1,"e":183.2548828125,"f":2372.23095703125},"children":[]},{"name":"グループ 915","type":"group","bounds":{"width":683.736328125,"height":400.441650390625,"x":10046.81640625,"y":1918.971435546875},"style":{},"id":"cddc4e47-0376-42e9-b125-d29e3f229248","transform":{"a":1,"b":0,"c":0,"d":1,"e":0,"f":0},"children":[{"name":"スローガン","type":"text","bounds":{"width":180,"height":52,"x":10046.81640625,"y":1918.971435546875},"style":{"fontFamily":"Noto Sans JP","fontSize":36,"fontStyle":"Bold","textAlign":"left","lineHeight":63,"fill":{"type":"color","rgba":"rgba(0, 56, 148, 255)","hex":"#003894"}},"id":"655d3272-fc90-434a-9188-bfb9ec6b96ec","transform":{"a":1,"b":0,"c":0,"d":1,"e":182.3193359375,"f":1960.971435546875},"text":"スローガン","children":[]},{"name":"職人の技術と最新設備の融合","type":"text","bounds":{"width":351,"height":39,"x":10049.552734375,"y":2017.84765625},"style":{"fontFamily":"Noto Sans JP","fontSize":27,"fontStyle":"Bold","textAlign":"left","lineHeight":36,"fill":{"type":"color","rgba":"rgba(0, 0, 0, 255)",