{"artboards":[{"name":"グループ 634","type":"group","bounds":{"width":1438.326171875,"height":2957,"x":3304,"y":898},"style":{},"id":"62ef65cd-afc6-4baa-95a9-04543481e4a7","transform":{"a":1,"b":0,"c":0,"d":1,"e":0,"f":0},"children":[{"name":"長方形 201","type":"rectangle","bounds":{"width":1438,"height":2957,"x":3304,"y":898},"style":{"fill":{"type":"color","rgba":"rgba(255, 255, 255, 255)","hex":"#FFFFFF"}},"id":"d1fd3aaa-88c5-420f-adff-f232677a6daf","transform":{"a":1,"b":0,"c":0,"d":1,"e":-0.127685546875,"f":898},"children":[]},{"name":"グループ 633","type":"group","bounds":{"width":1438.106689453125,"height":2680.51513671875,"x":3304.219482421875,"y":1061.02734375},"style":{},"id":"56415ae3-c6de-447a-9dd1-8325a47eb7ca","transform":{"a":1,"b":0,"c":0,"d":1,"e":0,"f":0},"children":[{"name":"グループ 623","type":"group","bounds":{"width":1320.028076171875,"height":540.558837890625,"x":3304.219482421875,"y":1061.02734375},"style":{},"id":"ef206148-1f74-48e8-b34c-456b2a4912cb","transform":{"a":1,"b":0,"c":0,"d":1,"e":0,"f":0},"children":[{"name":"services_01","type":"group","bounds":{"width":720.962646484375,"height":540.558837890625,"x":3304.219482421875,"y":1061.02734375},"style":{},"id":"6f4fa40b-14bf-43db-9926-ae81f429b1bb","transform":{"a":1,"b":0,"c":0,"d":1,"e":-3304.127685546875,"f":0},"children":[{"name":"グループ 74","type":"group","bounds":{"width":720.962646484375,"height":540.558837890625,"x":3304.219482421875,"y":1061.02734375},"style":{},"id":"e56961d9-5585-46c9-a17c-86f522d5b862","transform":{"a":1,"b":0,"c":0,"d":1,"e":0,"f":0},"children":[{"name":"長方形 131","type":"rectangle","bounds":{"width":868.4697265625,"height":579.269287109375,"x":3212.209716796875,"y":1047.004150390625},"style":{"fill":{"type":"image"}},"id":"28870633-5101-4197-b14c-38d1b520f1a4","transform":{"a":1,"b":0,"c":0,"d":1,"e":3212.209716796875,"f":1047.004150390625},"children":[]},{"name":"長方形 132","type":"rectangle","bounds":{"width":720.962646484375,"height":540.558837890625,"x":3304.219482421875,"y":1061.02734375},"style":{},"id":"94f2f7c8-d4c9-46b0-94bc-8015c9450635","transform":{"a":1,"b":0,"c":0,"d":1,"e":3304.219482421875,"f":1061.02734375},"children":[]}]}]},{"name":"グループ 622","type":"group","bounds":{"width":519.15283203125,"height":348.518310546875,"x":4105.0947265625,"y":1171.081787109375},"style":{},"id":"d1be2267-6032-47e9-a2c9-d72d2bcde501","transform":{"a":1,"b":0,"c":0,"d":1,"e":0,"f":0},"children":[{"name":"グループ 621","type":"group","bounds":{"width":216,"height":97.883056640625,"x":4105.50634765625,"y":1171.081787109375},"style":{},"id":"584a387c-864a-49c6-b649-7d259b493239","transform":{"a":1,"b":0,"c":0,"d":1,"e":0,"f":0},"children":[{"name":"SERVICES 01","type":"text","bounds":{"width":135,"height":32,"x":4107.5537109375,"y":1171.081787109375},"style":{"fontFamily":"Noto Sans JP","fontSize":22,"fontStyle":"Bold","textAlign":"left","lineHeight":26.400001525878906,"fill":{"type":"color","rgba":"rgba(0, 56, 148, 255)","hex":"#003894"}},"id":"2afe8495-e0a2-42a5-8557-a967d2564e68","transform":{"a":1,"b":0,"c":0,"d":1,"e":803.426025390625,"f":1197.081787109375},"text":"SERVICES 01","children":[]},{"name":"精密切削加工","type":"text","bounds":{"width":216,"height":52,"x":4105.50634765625,"y":1216.96484375},"style":{"fontFamily":"Noto Sans JP","fontSize":36,"fontStyle":"Bold","textAlign":"left","lineHeight":63,"fill":{"type":"color","rgba":"rgba(0, 56, 148, 255)","hex":"#003894"}},"id":"926163cc-ff11-4864-89bb-81c3edba3c58","transform":{"a":1,"b":0,"c":0,"d":1,"e":801.378662109375,"f":1258.96484375},"text":"精密切削加工","children":[]}]},{"name":"金属材料を削り出し、図面通りの形状・精度で加工を行います。\n当社では、原子力関連設備やLNG船のサブマージドポンプなどにも採用される品質基準に対応しており、ミクロン単位の精度が求められる加工においても、安定した品質を実現しています。\n切削加工は、わずかな誤差が製品全体の性能や安全性に大きく影響するため、一つひとつの工程において高い精度と確かな技術が求められます。\n長年培った職人の技術と最新設備を組み合わせることで、高精度かつ再現性の高いものづくりを行っています。","type":"text","bounds":{"width":519.15283203125,"height":223.0009765625,"x":4105.0947265625,"y":1296.59912109375},"style":{"fontFamily":"Noto Sans JP","fontSize":14,"fontStyle":"Medium","textAlign":"left","lineHeight":27,"fill":{"type":"color","rgba":"rgba(0, 0, 0, 255)","hex":"#000000"}},"id":"560bac42-df9f-4192-9dcf-59780a230ae3","transform":{"a":1,"b":0,"c":0,"d":1,"e":800.967041015625,"f":1296.59912109375},"text":"金属材料を削り出し、図面通りの形状・精度で加工を行います。\n当社では、原子力関連設備やLNG船のサブマージドポンプなどにも採用される品質基準に対応しており、ミクロン単位の精度が求められる加工においても、安定した品質を実現しています。\n切削加工は、わずかな誤差が製品全体の性能や安全性に大きく影響するため、一つひとつの工程において高い精度と確かな技術が求められます。\n長年培った職人の技術と最新設備を組み合わせることで、高精度かつ再現性の高いものづくりを行っています。","children":[]}]}]},{"name":"グループ 626","type":"group","bounds":{"width":1319.750244140625,"height":540.5587158203125,"x":3422.575927734375,"y":1771.6185302734375},"style":{},"id":"0852aee2-72ae-43a3-9a29-2134caa5a3f8","transform":{"a":1,"b":0,"c":0,"d":1,"e":0,"f":0},"children":[{"name":"services_02","type":"group","bounds":{"width":720.962890625,"height":540.5587158203125,"x":4021.36328125,"y":1771.6185302734375},"style":{},"id":"dc44f6b6-6dbd-4a84-8574-9700545cc17c","transform":{"a":1,"b":0,"c":0,"d":1,"e":-3304.127685546875,"f":0},"children":[{"name":"グループ 76","type":"group","bounds":{"width":720.962890625,"height":540.5587158203125,"x":4021.36328125,"y":1771.6185302734375},"style":{},"id":"700e1d4f-4736-42ff-8292-9636d4041e1f","transform":{"a":1,"b":0,"c":0,"d":1,"e":0,"f":0},"children":[{"name":"長方形 133","type":"rectangle","bounds":{"width":1049.240234375,"height":699.8433837890625,"x":3979.77587890625,"y":1752.9552001953125},"style":{"fill":{"type":"image"}},"id":"220a7c74-08a4-46c9-a912-a26ae3690282","transform":{"a":1,"b":0,"c":0,"d":1,"e":3979.77587890625,"f":1752.9552001953125},"children":[]},{"name":"長方形 134","type":"rectangle","bounds":{"width":720.962890625,"height":540.5587158203125,"x":4021.36328125,"y":1771.6185302734375},"style":{},"id":"2e64edfb-7fd6-4398-ac16-561d955a51b2","transform":{"a":1,"b":0,"c":0,"d":1,"e":4021.36328125,"f":1771.6185302734375},"children":[]}]}]},{"name":"グループ 625","type":"group","bounds":{"width":521.29248046875,"height":317.383056640625,"x":3422.575927734375,"y":1869.941162109375},"style":{},"id":"a90e3843-a1ca-4751-b28a-30e1fe647bdf","transform":{"a":1,"b":0,"c":0,"d":1,"e":0,"f":0},"children":[{"name":"グループ 624","type":"group","bounds":{"width":252,"height":97.882080078125,"x":3422.575927734375,"y":1869.941162109375},"style":{},"id":"9a04a493-d18a-4bf6-b57f-29f53515ccb0","transform":{"a":1,"b":0,"c":0,"d":1,"e":118.4482421875,"f":1869.941162109375},"children":[{"name":"SERVICES 02","type":"text","bounds":{"width":135,"height":32,"x":3424.6240234375,"y":1869.941162109375},"style":{"fontFamily":"Noto Sans JP","fontSize":22,"fontStyle":"Bold","textAlign":"left","lineHeight":26.400001525878906,"fill":{"type":"color","rgba":"rgba(0, 56, 148, 255)","hex":"#003894"}},"id":"5632619b-150d-47c4-b29e-15d1e06bc93d","transform":{"a":1,"b":0,"c":0,"d":1,"e":2.048095703125,"f":26},"text":"SERVICES 02","children":[]},{"name":"モータ部品加工","type":"text","bounds":{"width":252,"height":52,"x":3422.575927734375,"y":1915.8232421875},"style":{"fontFamily":"Noto Sans JP","fontSize":36,"fontStyle":"Bold","textAlign":"left","lineHeight":63,"fill":{"type":"color","rgba":"rgba(0, 56, 148, 255)","hex":"#003894"}},"id":"ab91f7c9-63b9-43d6-a8d2-1cf039e5fcac","transform":{"a":1,"b":0,"c":0,"d":1,"e":0,"f":87.882080078125},"text":"モータ部品加工","children":[]}]},{"name":"創業当初は原子力発電所向けポンプ部品にたずさわり、現在はサブマージドポンプモータの部品加工を主軸としております。\nサブマージドポンプモータ部品は、耐久性・精度・信頼性が求められる重要な部品です。\nわずかなズレが性能に影響を与えるため、安定した加工技術が不可欠です。\nこれまで培ってきた経験と技術をもとに、用途や仕様に応じた最適な加工を行い、高品質な製品を提供しています。","type":"text","bounds":{"width":519.15283203125,"height":191.86572265625,"x":3424.715576171875,"y":1995.45849609375},"style":{"fontFamily":"Noto Sans JP","fontSize":14,"fontStyle":"Medium","textAlign":"left","lineHeight":27,"fill":{"type":"color","rgba":"rgba(0, 0, 0, 255)","hex":"#000000"}},"id":"e9d9a11e-f537-4cca-9795-8849c6695481","transform":{"a":1,"b":0,"c":0,"d":1,"e":120.587890625,"f":1995.45849609375},