{"artboards":[{"name":"グループ 647","type":"group","bounds":{"width":375,"height":2646,"x":4814,"y":607},"style":{},"id":"dabe0176-1c06-4189-bc0a-316cfa14846c","transform":{"a":1,"b":0,"c":0,"d":1,"e":0,"f":0},"children":[{"name":"長方形 202","type":"rectangle","bounds":{"width":375,"height":2646,"x":4814,"y":607},"style":{"fill":{"type":"color","rgba":"rgba(255, 255, 255, 255)","hex":"#FFFFFF"}},"id":"f4ec3391-b01f-4f48-99df-19032da674f4","transform":{"a":1,"b":0,"c":0,"d":1,"e":-0.1279296875,"f":584.344482421875},"children":[]},{"name":"グループ 646","type":"group","bounds":{"width":318.41455078125,"height":2555.810302734375,"x":4842.57421875,"y":676.37353515625},"style":{},"id":"4375349e-6229-41a3-930e-87f1a07b8628","transform":{"a":1,"b":0,"c":0,"d":1,"e":0,"f":0},"children":[{"name":"グループ 637","type":"group","bounds":{"width":318.41455078125,"height":586.735107421875,"x":4842.57421875,"y":676.37353515625},"style":{},"id":"80b45363-a22c-4d75-a5c8-0fbabbf2a012","transform":{"a":1,"b":0,"c":0,"d":1,"e":28.4462890625,"f":653.718017578125},"children":[{"name":"グループ 636","type":"group","bounds":{"width":318.41455078125,"height":315.066162109375,"x":4842.57421875,"y":948.04248046875},"style":{},"id":"d5499481-87d4-4c66-9fd5-47bf375d5403","transform":{"a":1,"b":0,"c":0,"d":1,"e":0,"f":271.6689453125},"children":[{"name":"グループ 635","type":"group","bounds":{"width":109.4208984375,"height":49.17156982421875,"x":4842.57421875,"y":948.04248046875},"style":{},"id":"78a7439b-25f6-40d9-aecf-c82f829b9de0","transform":{"a":1,"b":0,"c":0,"d":1,"e":0,"f":0},"children":[{"name":"精密切削加工","type":"text","bounds":{"width":108,"height":26,"x":4843.9951171875,"y":971.2140502929688},"style":{"fontFamily":"Noto Sans JP","fontSize":18,"fontStyle":"Bold","textAlign":"left","lineHeight":31.5,"fill":{"type":"color","rgba":"rgba(0, 56, 148, 255)","hex":"#003894"}},"id":"02c2bf03-9b9d-4dde-9953-752b50308f4e","transform":{"a":1,"b":0,"c":0,"d":1,"e":1.4208984375,"f":44.17156982421875},"text":"精密切削加工","children":[]},{"name":"SERVICES 01","type":"text","bounds":{"width":86,"height":20,"x":4842.57421875,"y":948.04248046875},"style":{"fontFamily":"Noto Sans JP","fontSize":14,"fontStyle":"Bold","textAlign":"left","lineHeight":16.80000114440918,"fill":{"type":"color","rgba":"rgba(0, 56, 148, 255)","hex":"#003894"}},"id":"59707ae1-824d-4549-bd0c-fd20061e7d72","transform":{"a":1,"b":0,"c":0,"d":1,"e":0,"f":16},"text":"SERVICES 01","children":[]}]},{"name":"金属材料を削り出し、図面通りの形状・精度で加工を行います。\n当社では、原子力関連設備やLNG船のサブマージドポンプなどにも採用される品質基準に対応しており、ミクロン単位の精度が求められる加工においても、安定した品質を実現しています。\n切削加工は、わずかな誤差が製品全体の性能や安全性に大きく影響するため、一つひとつの工程において高い精度と確かな技術が求められます。\n長年培った職人の技術と最新設備を組み合わせることで、高精度かつ再現性の高いものづくりを行っています。","type":"text","bounds":{"width":316.9951171875,"height":243.300048828125,"x":4843.99365234375,"y":1019.80859375},"style":{"fontFamily":"Noto Sans JP","fontSize":12,"fontStyle":"Medium","textAlign":"left","lineHeight":22,"fill":{"type":"color","rgba":"rgba(0, 0, 0, 255)","hex":"#000000"}},"id":"b682e112-a15e-4b06-a3bc-e276678f3636","transform":{"a":1,"b":0,"c":0,"d":1,"e":1.41943359375,"f":71.76611328125},"text":"金属材料を削り出し、図面通りの形状・精度で加工を行います。\n当社では、原子力関連設備やLNG船のサブマージドポンプなどにも採用される品質基準に対応しており、ミクロン単位の精度が求められる加工においても、安定した品質を実現しています。\n切削加工は、わずかな誤差が製品全体の性能や安全性に大きく影響するため、一つひとつの工程において高い精度と確かな技術が求められます。\n長年培った職人の技術と最新設備を組み合わせることで、高精度かつ再現性の高いものづくりを行っています。","children":[]}]},{"name":"グループ 91","type":"group","bounds":{"width":316.80029296875,"height":239.6326904296875,"x":4843.77001953125,"y":676.37353515625},"style":{},"id":"47e23092-d765-42e5-98f0-a75165e93e6a","transform":{"a":1,"b":0,"c":0,"d":1,"e":1.19561767578125,"f":0},"children":[{"name":"グループ 90","type":"group","bounds":{"width":316.80029296875,"height":239.6326904296875,"x":4843.77001953125,"y":676.37353515625},"style":{},"id":"b9aff0d2-77a4-468e-a3e3-9e83773da66b","transform":{"a":1,"b":0,"c":0,"d":1,"e":0,"f":0},"children":[{"name":"長方形 137","type":"rectangle","bounds":{"width":440.72900390625,"height":293.96624755859375,"x":4766.6318359375,"y":639.6885375976562},"style":{"fill":{"type":"image"}},"id":"4d22dbd3-15f2-4048-80aa-699234d59567","transform":{"a":1,"b":0,"c":0,"d":1,"e":-77.13776397705078,"f":-36.68499755859375},"children":[]},{"name":"長方形 138","type":"rectangle","bounds":{"width":316.80029296875,"height":239.6326904296875,"x":4843.77001953125,"y":676.37353515625},"style":{},"id":"2366e1a9-46fb-4d6f-a086-c19ddef929ef","transform":{"a":1,"b":0,"c":0,"d":1,"e":0,"f":0},"children":[]}]}]}]},{"name":"グループ 643","type":"group","bounds":{"width":318.41455078125,"height":553.7069091796875,"x":4842.57421875,"y":1965.6180419921875},"style":{},"id":"21b6eed0-0028-48b7-9d5d-4eb2e8043ef2","transform":{"a":1,"b":0,"c":0,"d":1,"e":28.4462890625,"f":1942.9625244140625},"children":[{"name":"グループ 642","type":"group","bounds":{"width":318.41455078125,"height":282.0380859375,"x":4842.57421875,"y":2237.286865234375},"style":{},"id":"2b742360-e9f7-4405-9d27-618c4ce21805","transform":{"a":1,"b":0,"c":0,"d":1,"e":0,"f":271.6688232421875},"children":[{"name":"グループ 641","type":"group","bounds":{"width":181.4208984375,"height":49.171630859375,"x":4842.57421875,"y":2237.286865234375},"style":{},"id":"af8ebeac-bb00-420c-bc85-0af53cefab9d","transform":{"a":1,"b":0,"c":0,"d":1,"e":0,"f":0},"children":[{"name":"幅広い分野への対応力","type":"text","bounds":{"width":180,"height":26,"x":4843.9951171875,"y":2260.45849609375},"style":{"fontFamily":"Noto Sans JP","fontSize":18,"fontStyle":"Bold","textAlign":"left","lineHeight":31.5,"fill":{"type":"color","rgba":"rgba(0, 56, 148, 255)","hex":"#003894"}},"id":"89ea5ade-bef1-4db3-88dc-d2604dce517a","transform":{"a":1,"b":0,"c":0,"d":1,"e":1.4208984375,"f":44.171630859375},"text":"幅広い分野への対応力","children":[]},{"name":"SERVICES 03","type":"text","bounds":{"width":86,"height":20,"x":4842.57421875,"y":2237.286865234375},"style":{"fontFamily":"Noto Sans JP","fontSize":14,"fontStyle":"Bold","textAlign":"left","lineHeight":16.80000114440918,"fill":{"type":"color","rgba":"rgba(0, 56, 148, 255)","hex":"#003894"}},"id":"ebd01cbc-789a-4e86-98a7-0f1482dc9c51","transform":{"a":1,"b":0,"c":0,"d":1,"e":0,"f":16},"text":"SERVICES 03","children":[]}]},{"name":"社会インフラを支える設備から一般産業機械、さらには射出成形機に至るまで、幅広い分野の部品加工に対応しています。\nそれぞれの用途や使用環境に応じて求められる精度・耐久性・信頼性に対し、これまで培ってきた技術と経験を活かし、最適な加工方法を選定。\n安定した品質と高い再現性で、多様なニーズに応えるものづくりを実現しています。","type":"text","bounds":{"width":316.9951171875,"height":210.269287109375,"x":4843.99365234375,"y":2309.0556640625},"style":{"fontFamily":"Noto Sans JP","fontSize":12,"fontStyle":"Medium","textAlign":"left","lineHeight":22,"fill":{"type":"color","rgba":"rgba(0, 0, 0, 255)","hex":"#000000"}},"id":"fd12b09c-76ff-437c-bad9-25a97b69af05","transform":{"a":1,"b":0,"c":0,"d":1,"e":1.41943359375,"f":71.768798828125},"text":"社会インフラを支える設備から一般産業機械、さらには射出成形機に至るまで、幅広い分野の部品加工に対応しています。\nそれぞれの用途や使用環境に応じて求められる精度・耐久性・信頼性に対し、これまで培ってきた技術と経験を活かし、最適な加工方法を選定。\n安定した品質と高い再現性で、多様なニーズに応えるものづくりを実現しています。","children":[]}]},{"name":"グループ 93","type":"group","bounds":{"width":316.80029296875,"height":239.6326904296875,"x":4843.77001953125,"y":1965.6180419921875},"style":{},"id":"7b64eabb-f066-4930-8c01-aef31146a653","transform":{"a":1,"b":0,"c":0,"d":1,"e":1.19561767578125,"f":0},"children":[{"name":"グループ 92","type":"group","bounds":{"width":316.80029296875,"height":239.6326904296875,"x":4843.77001953125,"y":1965.6180419921875},"style":{},"id":"8499e22b-087c-470a-b385-60a1ba6cab75","transform":{"a":1,"b":0,"c":0,"d":1,"e":0,"f":0},"children":[{"name":"長方形 139","type":"rectangle","bounds":{"width":430.99169921875,"height":287.4713134765625,"x":4768.43017578125,"y":1930.7994384765625},"style":{"fill":{"type":"image"}},"id":"4de95209-8722-46ae-a2d4-0d2a36c3d18b","transform":{"a":1,"b":0,"c":0,"d":1,"e":-75.33979034423828,"f":-34.818603515625},"children":[]},{"name":"長方形 140","type":"rectangle","bounds":{"width":316.80029296875,"height":239.6326904296875,"x":4843.77001953125,"y":1965.6180419921875},"style":{},"id":"f7ad7abc-e604-4b2e-8a23-9322088d7e54","transform":{"a":1,"b":0,"c":0,"d":1,