{"artboards":[{"name":"グループ 651","type":"group","bounds":{"width":375,"height":584.1083984375,"x":12329,"y":5459},"style":{},"id":"b15e736e-b280-4adb-83f9-3f8cb4586a3a","transform":{"a":1,"b":0,"c":0,"d":1,"e":0,"f":0},"children":[{"name":"グループ 650","type":"group","bounds":{"width":375,"height":250,"x":12329,"y":5459},"style":{},"id":"0908f879-ca80-4614-9288-49da23d14353","transform":{"a":1,"b":0,"c":0,"d":1,"e":0,"f":0},"children":[{"name":"長方形 204","type":"rectangle","bounds":{"width":375,"height":250,"x":12329,"y":5459},"style":{"fill":{"type":"color","rgba":"rgba(255, 255, 255, 255)","hex":"#FFFFFF"}},"id":"9c3237eb-ebcc-48ed-824e-382fd46e39da","transform":{"a":1,"b":0,"c":0,"d":1,"e":0,"f":0.44140625},"children":[]},{"name":"グループ 649","type":"group","bounds":{"width":194,"height":86.5703125,"x":12362.4140625,"y":5593.05029296875},"style":{},"id":"05bd6588-0ba3-4d47-a80a-02d3299cced7","transform":{"a":1,"b":0,"c":0,"d":1,"e":0,"f":0},"children":[{"name":"設備紹介","type":"text","bounds":{"width":80,"height":29,"x":12363.7080078125,"y":5650.62060546875},"style":{"fontFamily":"Noto Sans JP","fontSize":20,"fontStyle":"Bold","textAlign":"left","lineHeight":35,"fill":{"type":"color","rgba":"rgba(0, 0, 0, 255)","hex":"#000000"}},"id":"58d76a52-fe40-4cc6-9ce6-8de8ab591961","transform":{"a":1,"b":0,"c":0,"d":1,"e":34.7080078125,"f":215.06201171875},"text":"設備紹介","children":[]},{"name":"FACILITIES","type":"text","bounds":{"width":194,"height":54,"x":12362.4140625,"y":5593.05029296875},"style":{"fontFamily":"Noto Sans JP","fontSize":37,"fontStyle":"Bold","textAlign":"left","lineHeight":44.400001525878906,"fill":{"type":"color","rgba":"rgba(0, 56, 148, 255)","hex":"#003894"}},"id":"4cd4d2af-a77d-4c12-bb79-e429221185a1","transform":{"a":1,"b":0,"c":0,"d":1,"e":33.4140625,"f":177.49169921875},"text":"FACILITIES","children":[]}]}]},{"name":"facilities-mv_sp","type":"group","bounds":{"width":375,"height":333.78271484375,"x":12329,"y":5709.32568359375},"style":{},"id":"f4769351-f426-46c8-b445-5bc3b19c7b10","transform":{"a":1,"b":0,"c":0,"d":1,"e":-1384.0361328125,"f":-2.27490234375},"children":[{"name":"グループ 64","type":"group","bounds":{"width":375,"height":333.78271484375,"x":12329,"y":5709.32568359375},"style":{},"id":"76abb987-e72c-4fb6-b0c9-180aa7f61074","transform":{"a":1,"b":0,"c":0,"d":1,"e":0,"f":0},"children":[{"name":"長方形 85","type":"rectangle","bounds":{"width":638.037109375,"height":433.42822265625,"x":12316.0283203125,"y":5659.84619140625},"style":{"fill":{"type":"image"}},"id":"11cc954e-03dc-4012-bbac-5f92e2f69b18","transform":{"a":0.9997259378433228,"b":-0.023411478847265244,"c":0.023411478847265244,"d":0.9997259378433228,"e":1371.064453125,"f":218.2746124267578},"children":[]},{"name":"長方形 86","type":"rectangle","bounds":{"width":375,"height":333.78271484375,"x":12329,"y":5709.32568359375},"style":{},"id":"378a581f-cfa8-4b55-a22d-2d531cec15e6","transform":{"a":1,"b":0,"c":0,"d":1,"e":1384.0357666015625,"f":253.04197692871094},"children":[]}]}]}]}]}