{"artboards":[{"name":"グループ 653","type":"group","bounds":{"width":1441,"height":897.3349609375,"x":12788,"y":5459},"style":{},"id":"61321144-7a94-4a72-8a1e-aea4ce810a64","transform":{"a":1,"b":0,"c":0,"d":1,"e":0,"f":0},"children":[{"name":"グループ 652","type":"group","bounds":{"width":1441,"height":351,"x":12788,"y":5459},"style":{},"id":"5b185dee-840a-443a-91fc-27e5caef8b1b","transform":{"a":1,"b":0,"c":0,"d":1,"e":0,"f":0},"children":[{"name":"長方形 203","type":"rectangle","bounds":{"width":1441,"height":351,"x":12788,"y":5459},"style":{"fill":{"type":"color","rgba":"rgba(255, 255, 255, 255)","hex":"#FFFFFF"}},"id":"1f87b920-fa99-4f65-9cd3-d0eb84f9254b","transform":{"a":1,"b":0,"c":0,"d":1,"e":0,"f":0.44140625},"children":[]},{"name":"グループ 648","type":"group","bounds":{"width":364,"height":130.2216796875,"x":12934.1171875,"y":5646.0029296875},"style":{},"id":"b88907ba-713b-442f-b1ee-4dc9cd6bd4f4","transform":{"a":1,"b":0,"c":0,"d":1,"e":0,"f":0},"children":[{"name":"設備紹介","type":"text","bounds":{"width":88,"height":32,"x":12935.4111328125,"y":5744.224609375},"style":{"fontFamily":"Noto Sans JP","fontSize":22,"fontStyle":"Bold","textAlign":"left","lineHeight":38.5,"fill":{"type":"color","rgba":"rgba(0, 0, 0, 255)","hex":"#000000"}},"id":"aa09c4ea-2d1c-4271-b1df-c8de730e2318","transform":{"a":1,"b":0,"c":0,"d":1,"e":147.4111328125,"f":311.666015625},"text":"設備紹介","children":[]},{"name":"FACILITIES","type":"text","bounds":{"width":364,"height":100,"x":12934.1171875,"y":5646.0029296875},"style":{"fontFamily":"Noto Sans JP","fontSize":69.26571655273438,"fontStyle":"Bold","textAlign":"left","lineHeight":83.11886596679688,"fill":{"type":"color","rgba":"rgba(0, 56, 148, 255)","hex":"#003894"}},"id":"f376b77f-c0c3-49e7-84c0-baa4392a16f1","transform":{"a":1,"b":0,"c":0,"d":1,"e":146.1171875,"f":267.4443359375},"text":"FACILITIES","children":[]}]}]},{"name":"facilities-mv","type":"group","bounds":{"width":1440,"height":546.341796875,"x":12788.52734375,"y":5809.9931640625},"style":{},"id":"8a4b7389-2e1b-40f0-833f-53b395d3f4b0","transform":{"a":1,"b":0,"c":0,"d":1,"e":-4932.24853515625,"f":0},"children":[{"name":"グループ 46","type":"group","bounds":{"width":1440,"height":546.341796875,"x":12788.52734375,"y":5809.9931640625},"style":{},"id":"d976226d-7599-4bdd-ab14-d44096766b8c","transform":{"a":1,"b":0,"c":0,"d":1,"e":0,"f":0},"children":[{"name":"長方形 63","type":"rectangle","bounds":{"width":1489.859375,"height":1012.083984375,"x":12762.197265625,"y":5424.2822265625},"style":{"fill":{"type":"image"}},"id":"f267af36-4bd8-4ca3-8f82-e218b0ca8af5","transform":{"a":0.9997259378433228,"b":-0.023411478847265244,"c":0.023411478847265244,"d":0.9997259378433228,"e":4906.44580078125,"f":0.07677148282527924},"children":[]},{"name":"長方形 64","type":"rectangle","bounds":{"width":1440,"height":546.341796875,"x":12788.52734375,"y":5809.9931640625},"style":{},"id":"e1b81573-23f6-462c-b54f-14c6bf1ac4e7","transform":{"a":1,"b":0,"c":0,"d":1,"e":4932.77587890625,"f":351.4344787597656},"children":[]}]}]}]}]}